2022-12-08T09:41:26.125Z,-3355.68,
2022-12-08T09:41:26.125Z,-2057.98,
2022-12-08T09:41:26.130Z,-1025.60,
2022-12-08T09:41:50.130Z,-2497.29,
2022-12-08T09:41:50.130Z,-1408.22,
2022-12-08T09:42:14.125Z,456.190,
2022-12-08T09:42:14.125Z,1243.73,
2022-12-08T09:42:14.130Z,2039.68,
2022-12-08T09:42:38.125Z,-168.488,
2022-12-08T09:42:38.125Z,211.077,
2022-12-08T09:43:02.125Z,-2415.23,
2022-12-08T09:43:02.125Z,-2215.21,
2022-12-08T09:43:02.130Z,-2246.02,
2022-12-08T09:43:26.125Z,-4389.51,
2022-12-08T09:43:26.125Z,-4598.44,
2022-12-08T09:43:26.130Z,-5053.13,
2022-12-08T09:43:50.125Z,-4851.80,
2022-12-08T09:43:50.125Z,-5264.04,
2022-12-08T09:43:50.130Z,-5871.32,
2022-12-08T09:44:14.128Z,-2081.71,
2022-12-08T09:44:14.128Z,-2521.23,
2022-12-08T09:44:14.130Z,-3104.62,
2022-12-08T09:44:38.125Z,2320.73,
2022-12-08T09:44:38.125Z,2097.24,
2022-12-08T09:44:38.130Z,1838.32,
2022-12-08T09:45:02.118Z,6789.38,
2022-12-08T09:45:02.118Z,6622.76,
2022-12-08T09:45:02.119Z,6528.50,
2022-12-08T09:45:26.125Z,9668.60,
2022-12-08T09:45:26.125Z,9694.52,
2022-12-08T09:45:50.125Z,4440.05,
2022-12-08T09:45:50.125Z,4824.88,
2022-12-08T09:45:50.130Z,5259.43,
2022-12-08T09:46:14.125Z,-1606.68,
2022-12-08T09:46:14.125Z,-531.750,
2022-12-08T09:46:14.130Z,569.917,
2022-12-08T09:46:38.125Z,-1042.27,
2022-12-08T09:46:38.125Z,617.423,
2022-12-08T09:46:38.130Z,2252.44,
2022-12-08T09:47:02.128Z,684.030,
2022-12-08T09:47:02.128Z,2564.12,
2022-12-08T09:47:26.125Z,893.946,
2022-12-08T09:47:26.125Z,2270.02,
2022-12-08T09:47:26.130Z,3653.58,
2022-12-08T09:47:50.118Z,-4402.46,
2022-12-08T09:47:50.118Z,-3968.25,
2022-12-08T09:48:14.125Z,-10475.4,
2022-12-08T09:48:14.125Z,-10687.1,
2022-12-08T09:48:14.130Z,-10823.1,
2022-12-08T09:48:38.125Z,-12420.9,
2022-12-08T09:48:38.125Z,-13048.6,
2022-12-08T09:49:02.125Z,-8585.11,
2022-12-08T09:49:02.125Z,-9356.68,
2022-12-08T09:49:02.130Z,-10231.5,
2022-12-08T09:49:26.125Z,1075.54,
2022-12-08T09:49:26.125Z,-259.089,
2022-12-08T09:49:26.130Z,-1646.10,
2022-12-08T09:49:50.125Z,6996.87,
2022-12-08T09:49:50.125Z,5455.11,
2022-12-08T09:49:50.130Z,3929.20,
2022-12-08T09:50:14.130Z,7575.66,
2022-12-08T09:50:14.130Z,6187.38,
2022-12-08T09:50:14.130Z,5066.23,
2022-12-08T09:50:38.125Z,7277.91,
2022-12-08T09:50:38.125Z,6309.85,
2022-12-08T09:50:38.130Z,5935.12,
2022-12-08T09:51:02.125Z,6188.74,
2022-12-08T09:51:02.125Z,5889.35,
2022-12-08T09:51:26.125Z,2847.89,
2022-12-08T09:51:26.125Z,3043.21,
2022-12-08T09:51:26.130Z,3364.05,
2022-12-08T09:51:50.125Z,-1136.06,
2022-12-08T09:51:50.125Z,-604.637,
2022-12-08T09:51:50.130Z,-108.964,
2022-12-08T09:52:14.125Z,-2538.79,
2022-12-08T09:52:14.125Z,-1769.21,
2022-12-08T09:52:14.130Z,-964.381,
2022-12-08T09:52:38.125Z,-2023.36,
2022-12-08T09:52:38.125Z,-1187.02,
2022-12-08T09:52:38.130Z,-555.083,
2022-12-08T09:53:02.125Z,-2292.71,
2022-12-08T09:53:02.125Z,-1647.57,
2022-12-08T09:53:26.125Z,-644.185,
2022-12-08T09:53:26.125Z,-238.244,
2022-12-08T09:53:26.130Z,102.369,
2022-12-08T09:53:50.128Z,-1213.14,
2022-12-08T09:53:50.128Z,-1054.76,
2022-12-08T09:53:50.130Z,-937.964,
2022-12-08T09:54:14.125Z,-1572.56,
2022-12-08T09:54:14.125Z,-1665.87,
2022-12-08T09:54:14.130Z,-1739.20,
2022-12-08T09:54:38.125Z,-1178.62,
2022-12-08T09:54:38.125Z,-1594.79,
2022-12-08T09:54:38.130Z,-2020.42,
2022-12-08T09:55:02.125Z,-2781.06,
2022-12-08T09:55:02.125Z,-3637.90,
2022-12-08T09:55:26.125Z,-2158.53,
2022-12-08T09:55:26.125Z,-3088.33,
2022-12-08T09:55:26.130Z,-4150.60,
2022-12-08T09:55:50.125Z,-1729.55,
2022-12-08T09:55:50.125Z,-2796.04,
2022-12-08T09:55:50.130Z,-3681.00,
2022-12-08T09:56:14.118Z,-72.8869,
2022-12-08T09:56:14.118Z,-568.548,
2022-12-08T09:56:14.119Z,-1060.64,
2022-12-08T09:56:38.125Z,8402.00,
2022-12-08T09:56:38.125Z,8097.89,
2022-12-08T09:56:38.130Z,7850.20,
2022-12-08T09:57:02.125Z,9925.80,
2022-12-08T09:57:02.125Z,9873.01,
2022-12-08T09:57:02.130Z,9979.10,
2022-12-08T09:57:26.125Z,5190.95,
2022-12-08T09:57:26.125Z,5719.58,
2022-12-08T09:57:50.125Z,580.214,
2022-12-08T09:57:50.125Z,1668.93,
2022-12-08T09:58:14.128Z,-1675.46,
2022-12-08T09:58:14.128Z,-121.333,
2022-12-08T09:58:14.130Z,1389.77,
2022-12-08T09:58:38.125Z,-67.8333,
2022-12-08T09:58:38.125Z,891.131,
2022-12-08T09:58:38.130Z,1854.60,
2022-12-08T09:59:02.118Z,-5987.70,
2022-12-08T09:59:02.118Z,-5689.39,
2022-12-08T09:59:02.119Z,-5393.83,
2022-12-08T09:59:26.125Z,-12748.9,
2022-12-08T09:59:26.125Z,-13039.3,
2022-12-08T09:59:26.130Z,-13542.4,
2022-12-08T09:59:50.118Z,-12396.8,
2022-12-08T09:59:50.118Z,-13144.0,
2022-12-08T10:00:14.125Z,-1111.10,
2022-12-08T10:00:14.125Z,-1824.68,
2022-12-08T10:00:14.130Z,-2502.80,
2022-12-08T10:00:38.125Z,5278.01,
2022-12-08T10:00:38.125Z,4547.56,
2022-12-08T10:00:38.130Z,4217.09,
2022-12-08T10:01:02.125Z,10107.3,
2022-12-08T10:01:02.125Z,9468.88,
2022-12-08T10:01:02.130Z,9088.90,
2022-12-08T10:01:26.125Z,13897.7,
2022-12-08T10:01:26.125Z,13554.8,
2022-12-08T10:01:50.128Z,10215.6,
2022-12-08T10:01:50.128Z,10512.3,
2022-12-08T10:02:14.125Z,2240.67,
2022-12-08T10:02:14.125Z,2814.99,
2022-12-08T10:02:38.125Z,-6061.08,
2022-12-08T10:02:38.125Z,-5649.66,
2022-12-08T10:02:38.130Z,-4948.83,
2022-12-08T10:03:02.125Z,-8904.48,
2022-12-08T10:03:02.125Z,-8298.40,
2022-12-08T10:03:02.130Z,-7447.34,
2022-12-08T10:03:26.125Z,-7330.47,
2022-12-08T10:03:26.125Z,-6873.99,
2022-12-08T10:03:50.125Z,-3990.51,
2022-12-08T10:03:50.125Z,-4225.22,
2022-12-08T10:04:14.125Z,-1079.13,
2022-12-08T10:04:14.125Z,-1784.10,
2022-12-08T10:04:14.130Z,-2492.80,
2022-12-08T10:04:38.125Z,-714.774,
2022-12-08T10:04:38.125Z,-1776.20,
2022-12-08T10:04:38.130Z,-2773.13,
2022-12-08T10:05:02.118Z,760.732,
2022-12-08T10:05:02.118Z,-397.387,
2022-12-08T10:05:26.125Z,4518.87,
2022-12-08T10:05:26.125Z,3491.23,
2022-12-08T10:05:26.130Z,2482.71,
2022-12-08T10:05:50.130Z,2307.10,
2022-12-08T10:05:50.130Z,1534.44,
2022-12-08T10:05:50.130Z,868.196,
2022-12-08T10:06:14.125Z,3193.56,
2022-12-08T10:06:14.125Z,2645.92,
2022-12-08T10:06:14.130Z,2323.26,
2022-12-08T10:06:38.125Z,3846.29,
2022-12-08T10:06:38.125Z,3797.56,
2022-12-08T10:06:38.130Z,4215.60,
2022-12-08T10:07:02.118Z,3352.64,
2022-12-08T10:07:02.118Z,3791.83,
2022-12-08T10:07:02.119Z,4338.69,
2022-12-08T10:07:26.125Z,2019.40,
2022-12-08T10:07:26.125Z,2589.45,
2022-12-08T10:07:26.130Z,3267.52,
2022-12-08T10:07:50.125Z,-1827.65,
2022-12-08T10:07:50.125Z,-1147.46,
2022-12-08T10:07:50.130Z,-507.274,
2022-12-08T10:08:14.125Z,-4052.09,
2022-12-08T10:08:14.125Z,-3370.66,
2022-12-08T10:08:14.130Z,-2927.79,
2022-12-08T10:08:38.128Z,-4552.59,
2022-12-08T10:08:38.128Z,-4121.11,
2022-12-08T10:08:38.130Z,-3966.24,
2022-12-08T10:09:02.125Z,-3283.62,
2022-12-08T10:09:02.125Z,-3093.81,
2022-12-08T10:09:02.130Z,-3008.91,
2022-12-08T10:09:26.125Z,-1394.26,
2022-12-08T10:09:26.125Z,-1320.55,
2022-12-08T10:09:26.130Z,-1376.04,
2022-12-08T10:09:50.130Z,2536.30,
2022-12-08T10:09:50.130Z,2475.07,
2022-12-08T10:09:50.130Z,2250.79,
2022-12-08T10:10:14.125Z,4301.77,
2022-12-08T10:10:14.125Z,4072.58,
2022-12-08T10:10:14.130Z,3871.60,
2022-12-08T10:10:38.125Z,398.500,
2022-12-08T10:10:38.125Z,292.595,
2022-12-08T10:10:38.130Z,290.345,
2022-12-08T10:11:02.119Z,-1539.15,
2022-12-08T10:11:02.121Z,-1588.76,
2022-12-08T10:11:02.121Z,-1432.64,
2022-12-08T10:11:26.125Z,616.542,
2022-12-08T10:11:26.125Z,772.488,
2022-12-08T10:11:26.130Z,1049.60,
2022-12-08T10:11:50.125Z,-796.911,
2022-12-08T10:11:50.125Z,-599.339,
2022-12-08T10:11:50.130Z,-560.774,
2022-12-08T10:12:14.125Z,-1480.08,
2022-12-08T10:12:14.125Z,-1410.61,
2022-12-08T10:12:14.130Z,-1290.00,
2022-12-08T10:12:38.125Z,-154.851,
2022-12-08T10:12:38.125Z,-9.50595,
2022-12-08T10:12:38.130Z,467.054,
2022-12-08T10:13:02.118Z,2218.24,
2022-12-08T10:13:02.118Z,2714.14,
2022-12-08T10:13:02.119Z,3337.99,
2022-12-08T10:13:26.118Z,3232.60,
2022-12-08T10:13:26.118Z,3800.55,
2022-12-08T10:13:26.119Z,4300.78,
2022-12-08T10:13:50.118Z,1286.51,
2022-12-08T10:13:50.118Z,1807.65,
2022-12-08T10:13:50.119Z,2157.52,
2022-12-08T10:14:14.125Z,-3032.73,
2022-12-08T10:14:14.125Z,-2715.30,
2022-12-08T10:14:14.130Z,-2475.21,
2022-12-08T10:14:38.128Z,-5938.50,
2022-12-08T10:14:38.128Z,-5812.21,
2022-12-08T10:14:38.130Z,-6082.73,
2022-12-08T10:15:02.125Z,-6280.62,
2022-12-08T10:15:02.125Z,-6545.34,
2022-12-08T10:15:02.130Z,-7189.45,
2022-12-08T10:15:26.125Z,-2514.90,
2022-12-08T10:15:26.125Z,-3054.05,
2022-12-08T10:15:26.130Z,-3814.37,
2022-12-08T10:15:50.125Z,690.440,
2022-12-08T10:15:50.125Z,-89.6548,
2022-12-08T10:15:50.130Z,-731.286,
2022-12-08T10:16:14.125Z,6116.71,
2022-12-08T10:16:14.125Z,5444.61,
2022-12-08T10:16:14.130Z,4963.27,
2022-12-08T10:16:38.130Z,6794.68,
2022-12-08T10:16:38.130Z,6248.41,
2022-12-08T10:16:38.130Z,6292.24,
2022-12-08T10:17:02.125Z,6097.82,
2022-12-08T10:17:02.125Z,6142.43,
2022-12-08T10:17:02.130Z,6391.80,
2022-12-08T10:17:26.125Z,809.036,
2022-12-08T10:17:26.125Z,1155.80,
2022-12-08T10:17:26.130Z,2057.04,
2022-12-08T10:17:50.130Z,-997.726,
2022-12-08T10:17:50.130Z,-123.190,
2022-12-08T10:17:50.130Z,742.476,
2022-12-08T10:18:14.125Z,-4398.02,
2022-12-08T10:18:14.125Z,-3733.34,
2022-12-08T10:18:14.130Z,-3066.76,
2022-12-08T10:18:38.125Z,-3453.33,
2022-12-08T10:18:38.125Z,-3195.88,
2022-12-08T10:18:38.130Z,-3204.76,
2022-12-08T10:19:02.125Z,-6653.05,
2022-12-08T10:19:02.125Z,-7356.82,
2022-12-08T10:19:02.130Z,-8243.63,
2022-12-08T10:19:26.125Z,-7693.02,
2022-12-08T10:19:26.125Z,-8821.42,
2022-12-08T10:19:50.125Z,-6072.27,
2022-12-08T10:19:50.125Z,-7290.78,
2022-12-08T10:19:50.130Z,-8489.54,
2022-12-08T10:20:14.125Z,-1557.37,
2022-12-08T10:20:14.125Z,-2288.05,
2022-12-08T10:20:38.125Z,11304.7,
2022-12-08T10:20:38.125Z,10443.0,
2022-12-08T10:20:38.130Z,10110.3,
2022-12-08T10:21:02.125Z,14878.3,
2022-12-08T10:21:02.125Z,15141.0,
2022-12-08T10:21:02.130Z,15434.2,
2022-12-08T10:21:26.125Z,11756.7,
2022-12-08T10:21:26.125Z,12318.3,
2022-12-08T10:21:26.130Z,12838.4,
2022-12-08T10:21:50.125Z,2564.01,
2022-12-08T10:21:50.125Z,3385.07,
2022-12-08T10:21:50.130Z,4913.91,
2022-12-08T10:22:14.118Z,-5051.57,
2022-12-08T10:22:14.118Z,-3764.56,
2022-12-08T10:22:38.125Z,-12699.1,
2022-12-08T10:22:38.125Z,-11172.1,
2022-12-08T10:22:38.130Z,-9957.80,
2022-12-08T10:23:02.125Z,-10928.7,
2022-12-08T10:23:02.125Z,-9850.23,
2022-12-08T10:23:02.130Z,-9044.13,
2022-12-08T10:23:26.128Z,-5982.19,
2022-12-08T10:23:26.128Z,-5699.61,
2022-12-08T10:23:26.130Z,-5689.13,
2022-12-08T10:23:50.128Z,-1701.65,
2022-12-08T10:23:50.128Z,-2234.59,
2022-12-08T10:23:50.130Z,-3548.77,
2022-12-08T10:24:14.125Z,392.167,
2022-12-08T10:24:14.125Z,-970.024,
2022-12-08T10:24:14.130Z,-2570.07,
2022-12-08T10:24:38.125Z,1261.88,
2022-12-08T10:24:38.125Z,-347.833,
2022-12-08T10:24:38.130Z,-1793.07,
2022-12-08T10:25:02.118Z,2473.20,
2022-12-08T10:25:02.118Z,1024.01,
2022-12-08T10:25:02.119Z,-32.7321,
2022-12-08T10:25:26.125Z,5810.52,
2022-12-08T10:25:26.125Z,4785.00,
2022-12-08T10:25:26.130Z,4120.12,
2022-12-08T10:25:50.128Z,6564.49,
2022-12-08T10:25:50.128Z,5878.68,
2022-12-08T10:25:50.130Z,5665.10,
2022-12-08T10:26:14.125Z,4818.69,
2022-12-08T10:26:14.125Z,4600.02,
2022-12-08T10:26:14.130Z,4956.24,
2022-12-08T10:26:38.128Z,912.583,
2022-12-08T10:26:38.128Z,1231.58,
2022-12-08T10:26:38.130Z,2053.13,
2022-12-08T10:27:02.125Z,980.929,
2022-12-08T10:27:02.125Z,1578.27,
2022-12-08T10:27:02.130Z,2358.11,
2022-12-08T10:27:26.130Z,-1200.23,
2022-12-08T10:27:26.130Z,-706.268,
2022-12-08T10:27:26.130Z,-183.321,
2022-12-08T10:27:50.125Z,-5296.37,
2022-12-08T10:27:50.125Z,-4808.80,
2022-12-08T10:27:50.130Z,-4505.35,
2022-12-08T10:28:14.130Z,-7188.74,
2022-12-08T10:28:14.130Z,-6922.10,
2022-12-08T10:28:38.128Z,-2735.12,
2022-12-08T10:28:38.128Z,-2557.96,
2022-12-08T10:28:38.130Z,-2357.45,
2022-12-08T10:29:02.128Z,1849.30,
2022-12-08T10:29:02.128Z,1909.68,
2022-12-08T10:29:02.130Z,2046.67,
2022-12-08T10:29:26.125Z,2521.11,
2022-12-08T10:29:26.125Z,2304.55,
2022-12-08T10:29:26.130Z,1868.79,
2022-12-08T10:29:50.125Z,1680.35,
2022-12-08T10:29:50.125Z,1143.01,
2022-12-08T10:29:50.130Z,517.798,
2022-12-08T10:30:14.118Z,-2051.04,
2022-12-08T10:30:14.118Z,-2698.57,
2022-12-08T10:30:14.119Z,-3220.68,
2022-12-08T10:30:38.119Z,-3577.92,
2022-12-08T10:30:38.121Z,-4126.73,
2022-12-08T10:30:38.121Z,-4615.82,
2022-12-08T10:31:02.118Z,-1318.04,
2022-12-08T10:31:02.118Z,-1682.17,
2022-12-08T10:31:02.119Z,-2021.58,
2022-12-08T10:31:26.125Z,3893.84,
2022-12-08T10:31:26.125Z,3969.20,
2022-12-08T10:31:26.130Z,3942.05,
2022-12-08T10:31:50.125Z,6337.07,
2022-12-08T10:31:50.125Z,6697.91,
2022-12-08T10:32:14.119Z,6306.15,
2022-12-08T10:32:14.121Z,7073.27,
2022-12-08T10:32:14.121Z,7899.38,
2022-12-08T10:32:38.125Z,6242.08,
2022-12-08T10:32:38.125Z,7375.40,
2022-12-08T10:32:38.130Z,8528.37,
2022-12-08T10:33:02.125Z,1078.67,
2022-12-08T10:33:02.125Z,2121.22,
2022-12-08T10:33:02.130Z,3209.75,
2022-12-08T10:33:26.125Z,-3557.33,
2022-12-08T10:33:26.125Z,-2934.61,
2022-12-08T10:33:50.128Z,-11934.9,
2022-12-08T10:33:50.128Z,-11350.9,
2022-12-08T10:33:50.130Z,-11258.9,
2022-12-08T10:34:14.118Z,-13937.3,
2022-12-08T10:34:14.118Z,-13965.8,
2022-12-08T10:34:14.119Z,-14074.9,
2022-12-08T10:34:38.125Z,-6478.46,
2022-12-08T10:34:38.125Z,-6749.83,
2022-12-08T10:34:38.130Z,-6989.37,
2022-12-08T10:35:02.125Z,3554.93,
2022-12-08T10:35:02.125Z,3384.90,
2022-12-08T10:35:02.130Z,2747.98,
2022-12-08T10:35:26.118Z,12234.7,
2022-12-08T10:35:26.118Z,11831.5,
2022-12-08T10:35:26.119Z,11390.0,
2022-12-08T10:35:50.118Z,13095.4,
2022-12-08T10:35:50.118Z,12570.1,
2022-12-08T10:36:14.125Z,6435.98,
2022-12-08T10:36:14.125Z,6297.76,
2022-12-08T10:36:14.130Z,6078.82,
2022-12-08T10:36:38.128Z,-3554.92,
2022-12-08T10:36:38.128Z,-3212.48,
2022-12-08T10:36:38.130Z,-2954.27,
2022-12-08T10:37:02.125Z,-6899.38,
2022-12-08T10:37:02.125Z,-6469.24,
2022-12-08T10:37:02.130Z,-6024.39,
2022-12-08T10:37:26.125Z,-5554.60,
2022-12-08T10:37:26.125Z,-5204.18,
2022-12-08T10:37:26.130Z,-5115.72,
2022-12-08T10:37:50.125Z,-3925.30,
2022-12-08T10:37:50.125Z,-3885.29,
2022-12-08T10:37:50.130Z,-4324.20,
2022-12-08T10:38:14.118Z,-3166.02,
2022-12-08T10:38:14.118Z,-3551.61,
2022-12-08T10:38:38.119Z,2509.58,
2022-12-08T10:38:38.121Z,1863.94,
2022-12-08T10:38:38.121Z,1444.95,
2022-12-08T10:39:02.118Z,5054.76,
2022-12-08T10:39:02.118Z,4632.68,
2022-12-08T10:39:02.119Z,4384.36,
2022-12-08T10:39:26.118Z,4544.30,
2022-12-08T10:39:26.118Z,4284.96,
2022-12-08T10:39:26.119Z,3936.05,
2022-12-08T10:39:50.118Z,2720.01,
2022-12-08T10:39:50.118Z,2260.67,
2022-12-08T10:39:50.119Z,2162.60,
2022-12-08T10:40:14.125Z,-2382.24,
2022-12-08T10:40:14.125Z,-2900.83,
2022-12-08T10:40:14.130Z,-3255.09,
2022-12-08T10:40:38.125Z,-5772.72,
2022-12-08T10:40:38.125Z,-6117.05,
2022-12-08T10:40:38.130Z,-6203.31,
2022-12-08T10:41:02.125Z,-5405.19,
2022-12-08T10:41:02.125Z,-5401.00,
2022-12-08T10:41:26.125Z,-346.030,
2022-12-08T10:41:26.125Z,-287.310,
2022-12-08T10:41:50.125Z,7568.04,
2022-12-08T10:41:50.125Z,7351.54,
2022-12-08T10:42:14.125Z,7552.32,
2022-12-08T10:42:14.125Z,7269.93,
2022-12-08T10:42:14.130Z,6907.78,
2022-12-08T10:42:38.125Z,-445.286,
2022-12-08T10:42:38.125Z,-910.464,
2022-12-08T10:42:38.130Z,-1317.75,
2022-12-08T10:43:02.125Z,-3883.29,
2022-12-08T10:43:02.125Z,-4083.18,
2022-12-08T10:43:26.125Z,-2486.08,
2022-12-08T10:43:26.125Z,-2313.33,
2022-12-08T10:43:26.130Z,-2070.12,
2022-12-08T10:43:50.128Z,-482.607,
2022-12-08T10:43:50.128Z,-243.685,
2022-12-08T10:43:50.130Z,-27.3214,
2022-12-08T10:44:14.125Z,1429.14,
2022-12-08T10:44:14.125Z,1316.32,
2022-12-08T10:44:14.130Z,1007.19,
2022-12-08T10:44:38.125Z,885.542,
2022-12-08T10:44:38.125Z,510.982,
2022-12-08T10:44:38.130Z,82.9524,
2022-12-08T10:45:02.125Z,-1338.20,
2022-12-08T10:45:02.125Z,-1967.73,
2022-12-08T10:45:02.130Z,-2563.84,
2022-12-08T10:45:26.128Z,-2611.95,
2022-12-08T10:45:26.128Z,-3126.10,
2022-12-08T10:45:26.130Z,-3638.11,
2022-12-08T10:45:50.125Z,-709.119,
2022-12-08T10:45:50.125Z,-772.060,
2022-12-08T10:45:50.130Z,-816.970,
2022-12-08T10:46:14.125Z,3194.00,
2022-12-08T10:46:14.125Z,3644.62,
2022-12-08T10:46:38.119Z,7168.64,
2022-12-08T10:46:38.121Z,7548.67,
2022-12-08T10:46:38.121Z,8112.87,
2022-12-08T10:47:02.128Z,7658.51,
2022-12-08T10:47:02.128Z,8248.73,
2022-12-08T10:47:02.130Z,8502.45,
2022-12-08T10:47:26.125Z,861.560,
2022-12-08T10:47:26.125Z,672.440,
2022-12-08T10:47:26.130Z,480.857,
2022-12-08T10:47:50.130Z,-10134.9,
2022-12-08T10:47:50.130Z,-10335.7,
2022-12-08T10:47:50.130Z,-10010.4,
2022-12-08T10:48:14.128Z,-12982.8,
2022-12-08T10:48:14.128Z,-12658.1,
2022-12-08T10:48:14.130Z,-11901.9,
2022-12-08T10:48:38.130Z,-2905.68,
2022-12-08T10:48:38.130Z,-2115.11,
2022-12-08T10:49:02.125Z,10259.6,
2022-12-08T10:49:02.125Z,11179.2,
2022-12-08T10:49:26.125Z,15152.5,
2022-12-08T10:49:26.125Z,15769.9,
2022-12-08T10:49:50.125Z,9714.04,
2022-12-08T10:49:50.125Z,10331.1,
2022-12-08T10:49:50.130Z,10629.0,
2022-12-08T10:50:14.125Z,198.851,
2022-12-08T10:50:14.125Z,512.708,
2022-12-08T10:50:14.130Z,915.798,
2022-12-08T10:50:38.128Z,-9367.74,
2022-12-08T10:50:38.128Z,-8398.71,
2022-12-08T10:50:38.130Z,-7710.59,
2022-12-08T10:51:02.125Z,-10939.5,
2022-12-08T10:51:02.125Z,-10403.8,
2022-12-08T10:51:02.130Z,-10237.4,
2022-12-08T10:51:26.128Z,-7016.16,
2022-12-08T10:51:26.128Z,-6843.10,
2022-12-08T10:51:26.130Z,-7141.70,
2022-12-08T10:51:50.128Z,-1556.10,
2022-12-08T10:51:50.128Z,-1906.58,
2022-12-08T10:51:50.130Z,-2784.45,
2022-12-08T10:52:14.125Z,1524.18,
2022-12-08T10:52:14.125Z,854.899,
2022-12-08T10:52:38.130Z,6973.39,
2022-12-08T10:52:38.130Z,6060.27,
2022-12-08T10:52:38.130Z,5221.79,
2022-12-08T10:53:02.125Z,5499.20,
2022-12-08T10:53:02.125Z,4806.90,
2022-12-08T10:53:02.130Z,4200.37,
2022-12-08T10:53:26.130Z,4142.65,
2022-12-08T10:53:26.130Z,3842.46,
2022-12-08T10:53:26.130Z,3728.64,
2022-12-08T10:53:50.128Z,-189.161,
2022-12-08T10:53:50.128Z,-55.9167,
2022-12-08T10:53:50.130Z,697.083,
2022-12-08T10:54:14.125Z,788.083,
2022-12-08T10:54:14.125Z,1508.74,
2022-12-08T10:54:14.130Z,2368.42,
2022-12-08T10:54:38.125Z,1121.86,
2022-12-08T10:54:38.125Z,2049.57,
2022-12-08T10:54:38.130Z,3120.54,
2022-12-08T10:55:02.125Z,182.446,
2022-12-08T10:55:02.125Z,1258.26,
2022-12-08T10:55:02.130Z,2065.85,
2022-12-08T10:55:26.125Z,-2488.31,
2022-12-08T10:55:26.125Z,-1660.31,
2022-12-08T10:55:26.130Z,-1053.93,
2022-12-08T10:55:50.128Z,-3829.43,
2022-12-08T10:55:50.128Z,-3207.10,
2022-12-08T10:55:50.130Z,-2979.11,
2022-12-08T10:56:14.125Z,-5696.74,
2022-12-08T10:56:14.125Z,-5471.36,
2022-12-08T10:56:14.130Z,-5796.12,
2022-12-08T10:56:38.125Z,-5023.70,
2022-12-08T10:56:38.125Z,-5430.58,
2022-12-08T10:56:38.130Z,-6155.51,
2022-12-08T10:57:02.128Z,-3260.68,
2022-12-08T10:57:02.128Z,-3997.68,
2022-12-08T10:57:02.130Z,-4724.90,
2022-12-08T10:57:26.125Z,782.262,
2022-12-08T10:57:26.125Z,210.405,
2022-12-08T10:57:26.130Z,-574.845,
2022-12-08T10:57:50.130Z,7947.90,
2022-12-08T10:57:50.131Z,7301.21,
2022-12-08T10:57:50.131Z,6701.26,
2022-12-08T10:58:14.128Z,7538.58,
2022-12-08T10:58:14.128Z,7112.29,
2022-12-08T10:58:14.130Z,6953.86,
2022-12-08T10:58:38.130Z,2980.81,
2022-12-08T10:58:38.130Z,2657.00,
2022-12-08T10:59:02.130Z,-514.250,
2022-12-08T10:59:02.130Z,-617.250,
2022-12-08T10:59:02.130Z,-550.429,
2022-12-08T10:59:26.125Z,-1059.16,
2022-12-08T10:59:26.125Z,-552.667,
2022-12-08T10:59:26.130Z,-29.4405,
2022-12-08T10:59:50.130Z,-3077.40,
2022-12-08T10:59:50.130Z,-2479.79,
2022-12-08T10:59:50.130Z,-1815.83,
2022-12-08T11:00:14.130Z,136.018,
2022-12-08T11:00:14.130Z,629.619,
2022-12-08T11:00:14.130Z,906.286,
2022-12-08T11:00:38.125Z,-877.077,
2022-12-08T11:00:38.125Z,-602.690,
2022-12-08T11:00:38.130Z,-494.786,
2022-12-08T11:01:02.125Z,-753.381,
2022-12-08T11:01:02.125Z,-738.095,
2022-12-08T11:01:02.130Z,-923.893,
2022-12-08T11:01:26.130Z,-2681.82,
2022-12-08T11:01:26.130Z,-3058.12,
2022-12-08T11:01:26.130Z,-3358.36,
2022-12-08T11:01:50.130Z,-2703.42,
2022-12-08T11:01:50.130Z,-3351.47,
2022-12-08T11:01:50.130Z,-4069.05,
2022-12-08T11:02:14.130Z,-2317.80,
2022-12-08T11:02:14.130Z,-3199.46,
2022-12-08T11:02:38.130Z,-2303.95,
2022-12-08T11:02:38.130Z,-3144.44,
2022-12-08T11:03:02.128Z,487.827,
2022-12-08T11:03:02.128Z,-420.702,
2022-12-08T11:03:02.130Z,-1165.52,
2022-12-08T11:03:26.125Z,4838.82,
2022-12-08T11:03:26.125Z,4173.39,
2022-12-08T11:03:26.130Z,3749.34,
2022-12-08T11:03:50.128Z,6793.88,
2022-12-08T11:03:50.128Z,6511.05,
2022-12-08T11:03:50.130Z,6392.76,
2022-12-08T11:04:14.130Z,5215.52,
2022-12-08T11:04:14.130Z,5236.40,
2022-12-08T11:04:14.130Z,5538.85,
2022-12-08T11:04:38.130Z,1983.18,
2022-12-08T11:04:38.130Z,2344.42,
2022-12-08T11:04:38.130Z,3003.15,
2022-12-08T11:05:02.130Z,-1786.11,
2022-12-08T11:05:02.130Z,-1077.33,
2022-12-08T11:05:02.130Z,-236.244,
2022-12-08T11:05:26.130Z,-3721.46,
2022-12-08T11:05:26.132Z,-2918.67,
2022-12-08T11:05:26.132Z,-2173.38,
2022-12-08T11:05:50.132Z,-2938.62,
2022-12-08T11:05:50.132Z,-1969.69,
2022-12-08T11:06:14.132Z,-1955.73,
2022-12-08T11:06:14.132Z,-1123.30,
2022-12-08T11:06:38.128Z,-630.208,
2022-12-08T11:06:38.128Z,-61.3095,
2022-12-08T11:06:38.130Z,259.923,
2022-12-08T11:07:02.130Z,1406.29,
2022-12-08T11:07:02.130Z,1606.24,
2022-12-08T11:07:02.130Z,1344.35,
2022-12-08T11:07:26.119Z,-3614.43,
2022-12-08T11:07:26.125Z,-3944.92,
2022-12-08T11:07:26.125Z,-4613.38,
2022-12-08T11:07:50.130Z,-6287.89,
2022-12-08T11:07:50.131Z,-6923.78,
2022-12-08T11:07:50.131Z,-7747.92,
2022-12-08T11:08:14.130Z,-4553.39,
2022-12-08T11:08:14.131Z,-5424.24,
2022-12-08T11:08:14.131Z,-6009.57,
2022-12-08T11:08:38.125Z,2625.93,
2022-12-08T11:08:38.125Z,2377.74,
2022-12-08T11:08:38.130Z,1916.01,
2022-12-08T11:09:02.130Z,8237.96,
2022-12-08T11:09:02.130Z,8089.88,
2022-12-08T11:09:02.130Z,7878.43,
2022-12-08T11:09:26.130Z,9816.57,
2022-12-08T11:09:26.132Z,9928.36,
2022-12-08T11:09:26.132Z,10248.4,
2022-12-08T11:09:50.132Z,6271.57,
2022-12-08T11:09:50.132Z,6729.92,
2022-12-08T11:10:14.130Z,572.661,
2022-12-08T11:10:14.131Z,1469.78,
2022-12-08T11:10:14.131Z,2148.07,
2022-12-08T11:10:38.128Z,-3273.08,
2022-12-08T11:10:38.128Z,-2273.54,
2022-12-08T11:10:38.130Z,-1522.26,
2022-12-08T11:11:02.125Z,-7678.54,
2022-12-08T11:11:02.125Z,-6794.75,
2022-12-08T11:11:02.130Z,-5868.22,
2022-12-08T11:11:26.119Z,-8243.90,
2022-12-08T11:11:26.125Z,-7732.09,
2022-12-08T11:11:26.125Z,-7506.70,
2022-12-08T11:11:50.130Z,-2841.35,
2022-12-08T11:11:50.131Z,-2772.88,
2022-12-08T11:11:50.131Z,-3521.33,
2022-12-08T11:12:14.130Z,282.202,
2022-12-08T11:12:14.132Z,-461.512,
2022-12-08T11:12:14.132Z,-1958.08,
2022-12-08T11:12:38.125Z,-2801.44,
2022-12-08T11:12:38.125Z,-4295.16,
2022-12-08T11:13:02.125Z,-4206.31,
2022-12-08T11:13:02.125Z,-5944.20,
2022-12-08T11:13:26.132Z,-3050.82,
2022-12-08T11:13:26.132Z,-4335.15,
2022-12-08T11:13:50.130Z,3779.87,
2022-12-08T11:13:50.131Z,2503.64,
2022-12-08T11:13:50.131Z,1754.45,
2022-12-08T11:14:14.130Z,9640.80,
2022-12-08T11:14:14.132Z,8908.77,
2022-12-08T11:14:14.132Z,8522.26,
2022-12-08T11:14:38.125Z,10188.6,
2022-12-08T11:14:38.125Z,9887.94,
2022-12-08T11:14:38.130Z,9609.50,
2022-12-08T11:15:02.130Z,4676.77,
2022-12-08T11:15:02.130Z,4622.05,
2022-12-08T11:15:02.130Z,4952.35,
2022-12-08T11:15:26.130Z,-1348.10,
2022-12-08T11:15:26.131Z,-1078.46,
2022-12-08T11:15:26.131Z,-505.071,
2022-12-08T11:15:50.130Z,-6829.76,
2022-12-08T11:15:50.132Z,-6237.74,
2022-12-08T11:15:50.132Z,-5884.86,
2022-12-08T11:16:14.130Z,-5893.61,
2022-12-08T11:16:14.132Z,-5859.82,
2022-12-08T11:16:14.132Z,-6073.44,
2022-12-08T11:16:38.125Z,-5164.38,
2022-12-08T11:16:38.125Z,-5412.81,
2022-12-08T11:16:38.130Z,-5901.85,
2022-12-08T11:17:02.125Z,-3015.11,
2022-12-08T11:17:02.125Z,-3580.07,
2022-12-08T11:17:02.130Z,-4396.29,
2022-12-08T11:17:26.131Z,1436.86,
2022-12-08T11:17:26.131Z,647.554,
2022-12-08T11:17:50.130Z,6914.52,
2022-12-08T11:17:50.131Z,6340.69,
2022-12-08T11:17:50.131Z,5807.99,
2022-12-08T11:18:14.130Z,6068.74,
2022-12-08T11:18:14.131Z,5716.56,
2022-12-08T11:18:14.131Z,5324.06,
2022-12-08T11:18:38.125Z,4977.98,
2022-12-08T11:18:38.125Z,4717.03,
2022-12-08T11:19:02.130Z,2323.92,
2022-12-08T11:19:02.130Z,2453.06,
2022-12-08T11:19:02.130Z,2562.08,
2022-12-08T11:19:26.130Z,-2545.74,
2022-12-08T11:19:26.132Z,-1928.27,
2022-12-08T11:19:26.132Z,-1308.60,
2022-12-08T11:19:50.131Z,-2432.27,
2022-12-08T11:19:50.131Z,-1807.69,
2022-12-08T11:20:14.132Z,-489.857,
2022-12-08T11:20:14.132Z,143.851,
2022-12-08T11:20:38.130Z,-275.315,
2022-12-08T11:20:38.130Z,232.304,
2022-12-08T11:20:38.130Z,818.405,
2022-12-08T11:21:02.125Z,-2300.99,
2022-12-08T11:21:02.125Z,-2086.41,
2022-12-08T11:21:02.130Z,-1857.59,
2022-12-08T11:21:26.130Z,-931.155,
2022-12-08T11:21:26.131Z,-983.690,
2022-12-08T11:21:26.131Z,-1003.98,
2022-12-08T11:21:50.130Z,-1269.26,
2022-12-08T11:21:50.131Z,-1253.98,
2022-12-08T11:21:50.131Z,-1334.64,
2022-12-08T11:22:14.131Z,-2626.86,
2022-12-08T11:22:14.131Z,-2514.90,
2022-12-08T11:22:38.125Z,-507.399,
2022-12-08T11:22:38.125Z,-571.643,
2022-12-08T11:22:38.130Z,-338.345,
2022-12-08T11:23:02.125Z,3070.33,
2022-12-08T11:23:02.125Z,3313.96,
2022-12-08T11:23:02.130Z,3996.23,
2022-12-08T11:23:26.130Z,5495.82,
2022-12-08T11:23:26.131Z,6169.89,
2022-12-08T11:23:26.131Z,6962.62,
2022-12-08T11:23:50.130Z,3632.96,
2022-12-08T11:23:50.131Z,4358.24,
2022-12-08T11:23:50.131Z,5346.32,
2022-12-08T11:24:14.130Z,547.845,
2022-12-08T11:24:14.132Z,1555.51,
2022-12-08T11:24:14.132Z,2525.54,
2022-12-08T11:24:38.125Z,-5159.18,
2022-12-08T11:24:38.125Z,-4437.42,
2022-12-08T11:24:38.130Z,-3729.69,
2022-12-08T11:25:02.125Z,-6019.93,
2022-12-08T11:25:02.125Z,-5398.05,
2022-12-08T11:25:02.130Z,-4873.86,
2022-12-08T11:25:26.130Z,-7783.96,
2022-12-08T11:25:26.131Z,-7418.77,
2022-12-08T11:25:26.131Z,-7304.18,
2022-12-08T11:25:50.131Z,-3689.10,
2022-12-08T11:25:50.131Z,-3662.55,
2022-12-08T11:26:14.130Z,1191.98,
2022-12-08T11:26:14.132Z,611.179,
2022-12-08T11:26:14.132Z,23.5714,
2022-12-08T11:26:38.128Z,2267.29,
2022-12-08T11:26:38.128Z,1418.06,
2022-12-08T11:26:38.130Z,597.619,
2022-12-08T11:27:02.130Z,364.149,
2022-12-08T11:27:02.130Z,-738.863,
2022-12-08T11:27:26.130Z,31.5000,
2022-12-08T11:27:26.131Z,-906.554,
2022-12-08T11:27:26.131Z,-1671.62,
2022-12-08T11:27:50.130Z,2006.83,
2022-12-08T11:27:50.132Z,1484.80,
2022-12-08T11:27:50.132Z,1064.11,
2022-12-08T11:28:14.130Z,3222.51,
2022-12-08T11:28:14.131Z,2951.67,
2022-12-08T11:28:14.131Z,2881.33,
2022-12-08T11:28:38.125Z,4901.82,
2022-12-08T11:28:38.125Z,4870.05,
2022-12-08T11:28:38.130Z,5278.70,
2022-12-08T11:29:02.125Z,2221.41,
2022-12-08T11:29:02.125Z,2649.74,
2022-12-08T11:29:02.130Z,3583.05,
2022-12-08T11:29:26.130Z,2509.43,
2022-12-08T11:29:26.132Z,3494.85,
2022-12-08T11:29:26.132Z,4403.23,
2022-12-08T11:29:50.130Z,895.726,
2022-12-08T11:29:50.131Z,1765.98,
2022-12-08T11:29:50.131Z,2253.27,
2022-12-08T11:30:14.130Z,-5102.47,
2022-12-08T11:30:14.131Z,-4569.52,
2022-12-08T11:30:14.131Z,-4550.21,
2022-12-08T11:30:38.125Z,-10739.1,
2022-12-08T11:30:38.125Z,-10834.8,
2022-12-08T11:30:38.130Z,-11044.3,
2022-12-08T11:31:02.130Z,-8452.20,
2022-12-08T11:31:02.130Z,-8521.61,
2022-12-08T11:31:02.130Z,-8788.85,
2022-12-08T11:31:26.130Z,1860.21,
2022-12-08T11:31:26.131Z,1914.53,
2022-12-08T11:31:26.131Z,1589.26,
2022-12-08T11:31:50.131Z,7579.12,
2022-12-08T11:31:50.131Z,7265.12,
2022-12-08T11:32:14.130Z,9078.86,
2022-12-08T11:32:14.131Z,8405.60,
2022-12-08T11:32:14.131Z,7894.12,
2022-12-08T11:32:38.125Z,4823.86,
2022-12-08T11:32:38.125Z,4440.25,
2022-12-08T11:32:38.130Z,4111.42,
2022-12-08T11:33:02.128Z,-2374.45,
2022-12-08T11:33:02.128Z,-2189.78,
2022-12-08T11:33:02.130Z,-2006.69,
2022-12-08T11:33:26.130Z,-1743.20,
2022-12-08T11:33:26.131Z,-1256.81,
2022-12-08T11:33:26.131Z,-798.054,
2022-12-08T11:33:50.130Z,-2443.79,
2022-12-08T11:33:50.132Z,-1909.00,
2022-12-08T11:33:50.132Z,-1811.60,
2022-12-08T11:34:14.130Z,-2717.45,
2022-12-08T11:34:14.132Z,-2725.07,
2022-12-08T11:34:14.132Z,-3045.57,
2022-12-08T11:34:38.125Z,-3012.57,
2022-12-08T11:34:38.125Z,-3425.23,
2022-12-08T11:34:38.130Z,-3835.14,
2022-12-08T11:35:02.125Z,-1885.30,
2022-12-08T11:35:02.125Z,-2551.59,
2022-12-08T11:35:02.130Z,-3309.14,
2022-12-08T11:35:26.131Z,531.875,
2022-12-08T11:35:26.131Z,-460.732,
2022-12-08T11:35:50.130Z,747.071,
2022-12-08T11:35:50.131Z,-106.940,
2022-12-08T11:35:50.131Z,-987.202,
2022-12-08T11:36:14.131Z,618.940,
2022-12-08T11:36:14.131Z,276.381,
2022-12-08T11:36:38.125Z,5074.17,
2022-12-08T11:36:38.125Z,4985.84,
2022-12-08T11:36:38.130Z,4815.05,
2022-12-08T11:37:02.130Z,9639.99,
2022-12-08T11:37:02.130Z,10038.9,
2022-12-08T11:37:26.130Z,7039.77,
2022-12-08T11:37:26.131Z,7566.85,
2022-12-08T11:37:26.131Z,8364.40,
2022-12-08T11:37:50.130Z,-1738.55,
2022-12-08T11:37:50.131Z,-882.881,
2022-12-08T11:37:50.131Z,82.2500,
2022-12-08T11:38:14.130Z,-1418.92,
2022-12-08T11:38:14.132Z,-210.595,
2022-12-08T11:38:14.132Z,713.643,
2022-12-08T11:38:38.128Z,-3520.39,
2022-12-08T11:38:38.128Z,-2362.04,
2022-12-08T11:38:38.130Z,-1531.44,
2022-12-08T11:39:02.125Z,-6985.48,
2022-12-08T11:39:02.125Z,-6166.14,
2022-12-08T11:39:02.130Z,-6010.89,
2022-12-08T11:39:26.130Z,-7300.82,
2022-12-08T11:39:26.131Z,-7068.89,
2022-12-08T11:39:26.131Z,-7153.63,
2022-12-08T11:39:50.130Z,-1339.29,
2022-12-08T11:39:50.131Z,-1428.38,
2022-12-08T11:39:50.131Z,-2050.56,
2022-12-08T11:40:14.130Z,1108.51,
2022-12-08T11:40:14.132Z,458.744,
2022-12-08T11:40:14.132Z,-675.321,
2022-12-08T11:40:38.125Z,-79.8988,
2022-12-08T11:40:38.125Z,-1217.83,
2022-12-08T11:40:38.130Z,-2418.15,
2022-12-08T11:41:02.125Z,-55.2083,
2022-12-08T11:41:02.125Z,-1277.89,
2022-12-08T11:41:02.130Z,-2143.96,
2022-12-08T11:41:26.118Z,2838.07,
2022-12-08T11:41:26.118Z,1948.77,
2022-12-08T11:41:26.119Z,1449.09,
2022-12-08T11:41:50.130Z,5537.58,
2022-12-08T11:41:50.131Z,5105.89,
2022-12-08T11:41:50.131Z,5226.94,
2022-12-08T11:42:14.130Z,5598.37,
2022-12-08T11:42:14.132Z,6174.54,
2022-12-08T11:42:14.132Z,6877.97,
2022-12-08T11:42:38.125Z,6461.65,
2022-12-08T11:42:38.125Z,7417.60,
2022-12-08T11:42:38.130Z,8671.71,
2022-12-08T11:43:02.128Z,4468.32,
2022-12-08T11:43:02.128Z,5557.86,
2022-12-08T11:43:02.130Z,6838.48,
2022-12-08T11:43:26.132Z,-2122.92,
2022-12-08T11:43:26.132Z,-1077.74,
2022-12-08T11:43:50.130Z,-8714.26,
2022-12-08T11:43:50.130Z,-7582.82,
2022-12-08T11:43:50.130Z,-6833.34,
2022-12-08T11:44:14.130Z,-11419.6,
2022-12-08T11:44:14.131Z,-10808.7,
2022-12-08T11:44:14.131Z,-10418.0,
2022-12-08T11:44:38.125Z,-7190.13,
2022-12-08T11:44:38.125Z,-7061.29,
2022-12-08T11:44:38.130Z,-7138.96,
2022-12-08T11:45:02.128Z,-2200.24,
2022-12-08T11:45:02.128Z,-2839.15,
2022-12-08T11:45:02.130Z,-3929.92,
2022-12-08T11:45:26.130Z,1559.88,
2022-12-08T11:45:26.132Z,535.601,
2022-12-08T11:45:26.132Z,-777.381,
2022-12-08T11:45:50.130Z,4296.82,
2022-12-08T11:45:50.132Z,2971.27,
2022-12-08T11:45:50.132Z,1738.67,
2022-12-08T11:46:14.131Z,4660.45,
2022-12-08T11:46:14.131Z,3533.17,
2022-12-08T11:46:38.125Z,4345.52,
2022-12-08T11:46:38.125Z,3482.87,
2022-12-08T11:46:38.130Z,2932.64,
2022-12-08T11:47:02.125Z,3003.68,
2022-12-08T11:47:02.125Z,2796.88,
2022-12-08T11:47:02.130Z,2780.17,
2022-12-08T11:47:26.130Z,4403.52,
2022-12-08T11:47:26.131Z,4640.55,
2022-12-08T11:47:26.131Z,4961.48,
2022-12-08T11:47:50.130Z,3256.74,
2022-12-08T11:47:50.131Z,3711.50,
2022-12-08T11:47:50.131Z,4274.82,
2022-12-08T11:48:14.130Z,-2342.24,
2022-12-08T11:48:14.132Z,-1832.88,
2022-12-08T11:48:14.132Z,-1525.62,
2022-12-08T11:48:38.130Z,-4950.61,
2022-12-08T11:48:38.130Z,-4999.22,
2022-12-08T11:48:38.130Z,-5064.25,
2022-12-08T11:49:02.130Z,-6115.67,
2022-12-08T11:49:02.130Z,-5711.89,
2022-12-08T11:49:02.130Z,-5508.02,
2022-12-08T11:49:26.130Z,-4567.95,
2022-12-08T11:49:26.131Z,-4296.01,
2022-12-08T11:49:26.131Z,-4340.72,
2022-12-08T11:49:50.131Z,1361.74,
2022-12-08T11:49:50.131Z,1408.36,
2022-12-08T11:50:14.130Z,10498.1,
2022-12-08T11:50:14.132Z,10112.5,
2022-12-08T11:50:14.132Z,9763.89,
2022-12-08T11:50:38.125Z,1465.59,
2022-12-08T11:50:38.125Z,759.458,
2022-12-08T11:51:02.128Z,-1926.80,
2022-12-08T11:51:02.128Z,-2602.23,
2022-12-08T11:51:02.130Z,-3527.38,
2022-12-08T11:51:26.130Z,-6457.44,
2022-12-08T11:51:26.132Z,-7006.09,
2022-12-08T11:51:26.132Z,-7660.90,
2022-12-08T11:51:50.130Z,-3255.88,
2022-12-08T11:51:50.132Z,-3400.40,
2022-12-08T11:51:50.132Z,-3574.46,
2022-12-08T11:52:14.130Z,2491.66,
2022-12-08T11:52:14.131Z,2209.89,
2022-12-08T11:52:14.131Z,1833.51,
2022-12-08T11:52:38.130Z,5822.13,
2022-12-08T11:52:38.130Z,5716.99,
2022-12-08T11:52:38.130Z,5440.60,
2022-12-08T11:53:02.128Z,5921.80,
2022-12-08T11:53:02.128Z,5677.45,
2022-12-08T11:53:26.130Z,4759.89,
2022-12-08T11:53:26.131Z,4722.08,
2022-12-08T11:53:26.131Z,4606.95,
2022-12-08T11:53:50.130Z,-833.976,
2022-12-08T11:53:50.131Z,-625.560,
2022-12-08T11:53:50.131Z,-355.464,
2022-12-08T11:54:14.130Z,-3999.01,
2022-12-08T11:54:14.132Z,-3581.88,
2022-12-08T11:54:14.132Z,-3208.21,
2022-12-08T11:54:38.125Z,-3400.32,
2022-12-08T11:54:38.125Z,-2989.68,
2022-12-08T11:54:38.130Z,-3011.70,
2022-12-08T11:55:02.128Z,-880.065,
2022-12-08T11:55:02.128Z,-794.554,
2022-12-08T11:55:02.130Z,-1199.49,
2022-12-08T11:55:26.130Z,-3004.98,
2022-12-08T11:55:26.131Z,-3338.74,
2022-12-08T11:55:26.131Z,-3585.36,
2022-12-08T11:55:50.130Z,-1605.81,
2022-12-08T11:55:50.131Z,-1878.88,
2022-12-08T11:55:50.131Z,-1768.67,
2022-12-08T11:56:14.130Z,4252.51,
2022-12-08T11:56:14.131Z,4354.40,
2022-12-08T11:56:14.131Z,4932.79,
2022-12-08T11:56:38.125Z,9412.69,
2022-12-08T11:56:38.125Z,9991.00,
2022-12-08T11:56:38.130Z,10771.8,
2022-12-08T11:57:02.130Z,4796.27,
2022-12-08T11:57:02.130Z,5565.24,
2022-12-08T11:57:02.130Z,6444.88,
2022-12-08T11:57:26.130Z,-861.048,
2022-12-08T11:57:26.131Z,84.7976,
2022-12-08T11:57:26.131Z,902.702,
2022-12-08T11:57:50.130Z,-6241.26,
2022-12-08T11:57:50.131Z,-5456.71,
2022-12-08T11:57:50.131Z,-5732.73,
2022-12-08T11:58:14.130Z,-10858.2,
2022-12-08T11:58:14.131Z,-10484.8,
2022-12-08T11:58:14.131Z,-10412.2,
