1.670492534125000000e+09,-2.155571428571362048e+03
1.670492534130000114e+09,-2.241119047618936747e+03
1.670492558125999928e+09,-4.198339285714086145e+03
1.670492582125999928e+09,-6.898916666666278616e+03
1.670492582130000114e+09,-7.370607142856577411e+03
1.670492606125999928e+09,-4.323607142856577411e+03
1.670492606130000114e+09,-4.329654761904152110e+03
1.670492630125999928e+09,1.147494047619635239e+03
1.670492630130000114e+09,1.643065476190764457e+03
1.670492654128999949e+09,6.906541666666977108e+03
1.670492654130000114e+09,7.775946428571827710e+03
1.670492678125999928e+09,1.271939880952402018e+04
1.670492678130000114e+09,1.346861904761916958e+04
1.670492702118999958e+09,1.321100000000023283e+04
1.670492702119999886e+09,1.354963095238106325e+04
1.670492726125999928e+09,1.069576190476189367e+04
1.670492750125999928e+09,-2.970238095265813172e+01
1.670492750130000114e+09,-1.750476190480403602e+02
1.670492774125000000e+09,-1.179519047619076446e+04
1.670492774130000114e+09,-1.191907738095242530e+04
1.670492798125999928e+09,-1.778532142857159488e+04
1.670492798130000114e+09,-1.783798214285704307e+04
1.670492822128999949e+09,-1.531655952380923554e+04
1.670492846125999928e+09,-1.194256547619029880e+04
1.670492846130000114e+09,-1.152215476190438494e+04
1.670492870118000031e+09,-3.619440476190065965e+03
1.670492894125999928e+09,4.936214285714551806e+03
1.670492894130000114e+09,5.116904761904850602e+03
1.670492918125999928e+09,8.837327380952658132e+03
1.670492942125999928e+09,1.118467261904757470e+04
1.670492942130000114e+09,1.088954761904757470e+04
1.670492966125999928e+09,1.131418452380946837e+04
1.670492966130000114e+09,1.081128571428568102e+04
1.670492990125999928e+09,5.552452380952192470e+03
1.670492990130000114e+09,5.288440476190298796e+03
1.670493014130000114e+09,9.722976190473418683e+02
1.670493014130000114e+09,1.145714285713853315e+03
1.670493038125000000e+09,-3.414345238095149398e+03
1.670493038130000114e+09,-2.893148809523787349e+03
1.670493062125999928e+09,-3.706529761904617772e+03
1.670493086125999928e+09,-4.368571428571362048e+03
1.670493086130000114e+09,-4.098029761904617772e+03
1.670493110125999928e+09,-3.429440476190298796e+03
1.670493110130000114e+09,-3.358202380951959640e+03
1.670493134125999928e+09,-4.116315476190065965e+03
1.670493134130000114e+09,-4.374708333333022892e+03
1.670493158125999928e+09,-6.135267857142724097e+03
1.670493158130000114e+09,-6.483232142857043073e+03
1.670493182125999928e+09,-8.410559523809701204e+03
1.670493206125999928e+09,-4.490452380952658132e+03
1.670493206130000114e+09,-4.303041666666744277e+03
1.670493230128999949e+09,5.048059523809468374e+03
1.670493230130000114e+09,5.580684523809701204e+03
1.670493254125999928e+09,1.240573214285750873e+04
1.670493254130000114e+09,1.279041666666697711e+04
1.670493278125999928e+09,1.582890476190485060e+04
1.670493278130000114e+09,1.595160714285727590e+04
1.670493302125999928e+09,1.173228571428591385e+04
1.670493326125999928e+09,1.078833333333488554e+03
1.670493326130000114e+09,5.814761904764454812e+02
1.670493350125999928e+09,-8.868916666666278616e+03
1.670493350130000114e+09,-9.246940476190298796e+03
1.670493374118000031e+09,-1.417276785714272410e+04
1.670493374119999886e+09,-1.438793452380946837e+04
1.670493398125999928e+09,-1.237657738095242530e+04
1.670493398130000114e+09,-1.232550595238106325e+04
1.670493422125999928e+09,-5.382517857142956927e+03
1.670493422130000114e+09,-5.252077380952425301e+03
1.670493446125000000e+09,-5.290000000000000000e+02
1.670493470125999928e+09,1.171327380952192470e+03
1.670493494128999949e+09,3.472505952380830422e+03
1.670493494130000114e+09,3.545500000000000000e+03
1.670493518125999928e+09,9.104678571428405121e+03
1.670493518130000114e+09,9.288434523809468374e+03
1.670493542118999958e+09,1.171839285714295693e+04
1.670493542119999886e+09,1.203750595238129608e+04
1.670493566125999928e+09,1.329619047619076446e+04
1.670493566130000114e+09,1.373344047619076446e+04
1.670493590118000031e+09,7.566863095238571987e+03
1.670493614125999928e+09,1.063416666666977108e+03
1.670493614130000114e+09,6.130357142861466855e+02
1.670493638125000000e+09,-8.992577380952192470e+03
1.670493638130000114e+09,-9.727904761904850602e+03
1.670493662125000000e+09,-1.728942261904780753e+04
1.670493662130000114e+09,-1.740721428571455181e+04
1.670493686125999928e+09,-1.973756547619053163e+04
1.670493710128999949e+09,-1.805319642857159488e+04
1.670493734125000000e+09,-1.201472619047621265e+04
1.670493758125000000e+09,-2.756607142859138548e+02
1.670493758130000114e+09,1.046279761904617772e+03
1.670493782125999928e+09,1.523303571428568102e+04
1.670493782130000114e+09,1.624816071428591385e+04
1.670493806125999928e+09,2.718670833333348855e+04
1.670493830125999928e+09,2.629150000000000000e+04
1.670493854125999928e+09,1.624836309523810633e+04
1.670493854130000114e+09,1.591197023809514940e+04
1.670493878125999928e+09,6.902261904759798199e+02
1.670493878130000114e+09,-7.307142857159487903e+01
1.670493902118000031e+09,-1.283464880952378735e+04
1.670493926125999928e+09,-1.732741071428568102e+04
1.670493926130000114e+09,-1.760784523809514940e+04
1.670493950130000114e+09,-1.768772023809514940e+04
1.670493950130000114e+09,-1.763698809523810633e+04
1.670493974125000000e+09,-1.184585714285727590e+04
1.670493974130000114e+09,-1.128880952380970120e+04
1.670493998125999928e+09,-4.810547619048040360e+03
1.670493998130000114e+09,-4.300261904762359336e+03
1.670494022118999958e+09,5.237684523809235543e+03
1.670494022119999886e+09,5.723303571428405121e+03
1.670494046125999928e+09,1.172205952380923554e+04
1.670494046130000114e+09,1.195432738095195964e+04
1.670494070125999928e+09,1.785667261904734187e+04
1.670494070130000114e+09,1.818023809523810633e+04
1.670494094125999928e+09,1.577805952380946837e+04
1.670494094130000114e+09,1.604078571428591385e+04
1.670494118128999949e+09,5.831875000000232831e+03
1.670494118130000114e+09,5.858410714286146685e+03
1.670494142125999928e+09,-7.708494047618471086e+03
1.670494142130000114e+09,-7.787184523809235543e+03
1.670494166125999928e+09,-1.665892261904710904e+04
1.670494166130000114e+09,-1.679670833333302289e+04
1.670494190130000114e+09,-2.084495238095195964e+04
1.670494190130000114e+09,-2.062706547619029880e+04
1.670494214125999928e+09,-1.370314880952378735e+04
1.670494214130000114e+09,-1.358496428571431898e+04
1.670494238125999928e+09,-1.927303571428870782e+03
1.670494238130000114e+09,-1.659285714285913855e+03
1.670494262119999886e+09,9.785720238095149398e+03
1.670494262121000051e+09,1.010098214285704307e+04
1.670494286125999928e+09,1.757064880952425301e+04
1.670494286130000114e+09,1.749057738095265813e+04
1.670494310125999928e+09,1.612273809523833916e+04
1.670494310130000114e+09,1.588080357142887078e+04
1.670494334125999928e+09,1.244423214285727590e+04
1.670494334130000114e+09,1.218842857142887078e+04
1.670494358125999928e+09,-4.538095238059759140e+01
1.670494358130000114e+09,-1.595535714284051210e+02
1.670494382118000031e+09,-1.282532738095242530e+04
1.670494382119999886e+09,-1.311582142857159488e+04
1.670494406118000031e+09,-1.674580357142863795e+04
1.670494406119999886e+09,-1.697192261904780753e+04
1.670494430118000031e+09,-1.592166666666697711e+04
1.670494430119999886e+09,-1.584357738095242530e+04
1.670494454125999928e+09,-8.888952380952658132e+03
1.670494454130000114e+09,-8.615922619047807530e+03
1.670494478128999949e+09,4.043869047616608441e+02
1.670494478130000114e+09,3.638988095237873495e+02
1.670494502125999928e+09,1.367431547619053163e+04
1.670494502130000114e+09,1.331625595238129608e+04
1.670494526125000000e+09,1.922501190476235934e+04
1.670494526130000114e+09,1.857383928571455181e+04
1.670494550125999928e+09,1.135119047619076446e+04
1.670494550130000114e+09,1.045414285714295693e+04
1.670494574125000000e+09,1.028714285714318976e+03
1.670494574130000114e+09,6.956011904759798199e+02
1.670494598130000114e+09,-5.260553571428870782e+03
1.670494598130000114e+09,-4.986041666666977108e+03
1.670494622125999928e+09,-8.984696428571594879e+03
1.670494622130000114e+09,-7.969660714285448194e+03
1.670494646125999928e+09,-3.559029761904384941e+03
1.670494646130000114e+09,-2.399636904761428013e+03
1.670494670130000114e+09,3.346172619048040360e+03
1.670494670130000114e+09,3.897976190476445481e+03
1.670494694125999928e+09,1.850065476190764457e+03
1.670494694130000114e+09,1.919113095238339156e+03
1.670494718125999928e+09,-3.453660714285215363e+03
1.670494718130000114e+09,-3.490624999999534339e+03
1.670494742125999928e+09,-5.559797619047341868e+03
1.670494742130000114e+09,-5.683011904761660844e+03
1.670494766125999928e+09,-4.349434523809235543e+03
1.670494790125999928e+09,3.425595238097012043e+02
1.670494790130000114e+09,-1.128571428570430726e+02
1.670494814125999928e+09,3.605648809524253011e+03
1.670494838125999928e+09,2.530946428572060540e+03
1.670494838130000114e+09,2.269125000000465661e+03
1.670494862125999928e+09,-1.698708333332790062e+03
1.670494862130000114e+09,-1.719553571428172290e+03
1.670494886125999928e+09,-3.979613095237873495e+03
1.670494886130000114e+09,-3.878630952381063253e+03
1.670494910125000000e+09,6.566250000000000000e+02
1.670494910130000114e+09,8.756547619046177715e+02
1.670494934118000031e+09,7.687642857142956927e+03
1.670494958125000000e+09,1.023169642857136205e+04
1.670494958130000114e+09,1.038970238095242530e+04
1.670494982125000000e+09,6.607529761905083433e+03
1.670494982130000114e+09,6.489172619048040360e+03
1.670495006128999949e+09,-4.524345238094916567e+03
1.670495006130000114e+09,-5.251464285714086145e+03
1.670495030128999949e+09,-1.209057142857136205e+04
1.670495030130000114e+09,-1.306100000000000000e+04
1.670495054125999928e+09,-1.354449404761916958e+04
1.670495054130000114e+09,-1.437301785714272410e+04
1.670495078125999928e+09,-5.046577380952192470e+03
1.670495078130000114e+09,-5.201255952380830422e+03
1.670495102118000031e+09,2.618988095240201801e+02
1.670495102119999886e+09,2.926904761907644570e+02
1.670495126125999928e+09,9.493279761905083433e+03
1.670495126130000114e+09,9.406982142857275903e+03
1.670495150128999949e+09,1.226942857142887078e+04
1.670495150130000114e+09,1.205876190476212651e+04
1.670495174125000000e+09,1.276544047619053163e+04
1.670495174130000114e+09,1.233984523809538223e+04
1.670495198128999949e+09,7.812886904761893675e+03
1.670495198130000114e+09,7.467214285714086145e+03
1.670495222125000000e+09,-2.365160714285681024e+03
1.670495222130000114e+09,-2.660630952380830422e+03
1.670495246130000114e+09,-9.109202380952192470e+03
1.670495246130000114e+09,-9.004922619047341868e+03
1.670495270125000000e+09,-1.324767261904734187e+04
1.670495270130000114e+09,-1.270316666666627862e+04
1.670495294130000114e+09,-9.360642857142724097e+03
1.670495318128999949e+09,-4.257238095237873495e+03
1.670495318130000114e+09,-3.730702380952192470e+03
1.670495342128999949e+09,2.671767857143189758e+03
1.670495342130000114e+09,2.902827380952425301e+03
1.670495366125000000e+09,6.776178571428637952e+03
1.670495366130000114e+09,6.207291666666744277e+03
1.670495390125999928e+09,4.244059523809468374e+03
1.670495390130000114e+09,2.978773809524020180e+03
1.670495414118000031e+09,-3.951732142856810242e+03
1.670495414119999886e+09,-5.248374999999767169e+03
1.670495438119999886e+09,-6.901613095238106325e+03
1.670495438121000051e+09,-7.453738095237873495e+03
1.670495462118999958e+09,-3.177750000000000000e+03
1.670495462119999886e+09,-3.109803571428637952e+03
1.670495486125999928e+09,3.926392857142956927e+03
1.670495486130000114e+09,4.071952380952425301e+03
1.670495510125999928e+09,1.019582738095219247e+04
1.670495534119999886e+09,1.057709523809491657e+04
1.670495534121000051e+09,1.064994047619053163e+04
1.670495558125999928e+09,7.026178571428637952e+03
1.670495558130000114e+09,6.880976190476212651e+03
1.670495582125999928e+09,-7.284583333334885538e+02
1.670495582130000114e+09,-7.467380952381063253e+02
1.670495606125000000e+09,-5.602339285714318976e+03
1.670495630128999949e+09,-4.521720238094916567e+03
1.670495630130000114e+09,-4.322761904761660844e+03
1.670495654118000031e+09,-6.897916666662786156e+02
1.670495654119999886e+09,-5.908154761902987957e+02
1.670495678125999928e+09,-1.571970238095149398e+03
1.670495678130000114e+09,-1.537815476190531626e+03
1.670495702125999928e+09,-3.567327380952425301e+03
1.670495702130000114e+09,-3.782714285714318976e+03
1.670495726118000031e+09,-7.865434523809468374e+03
1.670495726119999886e+09,-8.405470238095149398e+03
1.670495750118000031e+09,-8.043077380952425301e+03
1.670495774125999928e+09,-1.996386904761660844e+03
1.670495774130000114e+09,-2.424458333333255723e+03
1.670495798128999949e+09,3.542226190476445481e+03
1.670495798130000114e+09,3.479005952381063253e+03
1.670495822125999928e+09,6.476779761905083433e+03
1.670495822130000114e+09,6.647863095238339156e+03
1.670495846125999928e+09,9.794035714286146685e+03
1.670495846130000114e+09,1.005996428571478464e+04
1.670495870125999928e+09,9.573571428571827710e+03
1.670495870130000114e+09,9.647398809524020180e+03
1.670495894118999958e+09,6.775601190476212651e+03
1.670495918119999886e+09,1.205023809524020180e+03
1.670495918121000051e+09,1.544684523809701204e+03
1.670495942118000031e+09,-2.545809523809235543e+03
1.670495942119999886e+09,-2.443547619047341868e+03
1.670495966118000031e+09,-7.670226190475979820e+03
1.670495966119999886e+09,-7.907541666666744277e+03
1.670495990118000031e+09,-1.010966071428568102e+04
1.670495990119999886e+09,-1.018287499999976717e+04
1.670496014125999928e+09,-8.937488095238106325e+03
1.670496014130000114e+09,-8.865083333333255723e+03
1.670496038125000000e+09,-7.779988095237873495e+03
1.670496038130000114e+09,-7.724488095237873495e+03
1.670496062125999928e+09,-3.546696428571129218e+03
1.670496086125999928e+09,2.427273809524020180e+03
1.670496110125000000e+09,1.034044047619029880e+04
1.670496134125000000e+09,1.268137500000000000e+04
1.670496134130000114e+09,1.265001785714272410e+04
1.670496158125999928e+09,1.387418452380946837e+04
1.670496158130000114e+09,1.358014285714272410e+04
1.670496182125999928e+09,8.443499999999767169e+03
1.670496206125999928e+09,4.865357142854481936e+02
1.670496206130000114e+09,5.081547619029879570e+01
1.670496230128999949e+09,-6.700940476190764457e+03
1.670496230130000114e+09,-7.490785714285913855e+03
1.670496254125999928e+09,-9.460934523809468374e+03
1.670496254130000114e+09,-8.946065476190065965e+03
1.670496278125999928e+09,-8.329398809523321688e+03
1.670496278130000114e+09,-7.256666666666278616e+03
1.670496302125999928e+09,-3.598505952380597591e+03
1.670496302130000114e+09,-2.024958333333022892e+03
1.670496326128999949e+09,5.099583333333488554e+03
1.670496326130000114e+09,6.047077380952425301e+03
1.670496350125999928e+09,1.653567261904757470e+04
1.670496350130000114e+09,1.693395833333325572e+04
1.670496374125999928e+09,1.318779761904780753e+04
1.670496398119999886e+09,4.894434523809468374e+03
1.670496398121000051e+09,4.282273809523787349e+03
1.670496422128999949e+09,-5.251767857142956927e+03
1.670496422130000114e+09,-5.420416666666744277e+03
1.670496446125999928e+09,-1.530734523809514940e+04
1.670496446130000114e+09,-1.497505952380946837e+04
1.670496470130000114e+09,-1.351907142857136205e+04
1.670496470130000114e+09,-1.269521428571408615e+04
1.670496494128999949e+09,-4.553089285714086145e+03
1.670496494130000114e+09,-2.982255952380830422e+03
1.670496518130000114e+09,6.464142857143189758e+03
1.670496542125999928e+09,1.684245833333372138e+04
1.670496566125999928e+09,1.591496428571455181e+04
1.670496590125999928e+09,1.001902380952378735e+04
1.670496590130000114e+09,1.074539880952378735e+04
1.670496614125999928e+09,4.471726190476212651e+03
1.670496614130000114e+09,3.672452380952425301e+03
1.670496638128999949e+09,-2.871874999999767169e+03
1.670496638130000114e+09,-4.070208333333255723e+03
1.670496662125999928e+09,-1.136337500000023283e+04
1.670496662130000114e+09,-1.242246428571431898e+04
1.670496686128999949e+09,-1.803735714285704307e+04
1.670496686130000114e+09,-1.818693452380946837e+04
1.670496710128999949e+09,-1.610005952380970120e+04
1.670496710130000114e+09,-1.635534523809538223e+04
1.670496734125999928e+09,-5.500172619047341868e+03
1.670496758130000114e+09,4.548767857142956927e+03
1.670496758130000114e+09,4.222107142857043073e+03
1.670496782125999928e+09,1.226077976190485060e+04
1.670496782130000114e+09,1.207201785714295693e+04
1.670496806130000114e+09,1.683541666666651145e+04
1.670496806130000114e+09,1.613948809523810633e+04
1.670496830128999949e+09,1.234948214285727590e+04
1.670496830130000114e+09,1.107307738095265813e+04
1.670496854125999928e+09,2.347023809523787349e+03
1.670496854130000114e+09,8.858928571427240968e+02
1.670496878125999928e+09,-5.072285714285913855e+03
1.670496878130000114e+09,-5.578517857142956927e+03
1.670496902125999928e+09,-1.266397619047644548e+04
1.670496902130000114e+09,-1.291323809523833916e+04
1.670496926125999928e+09,-9.294291666666744277e+03
1.670496926130000114e+09,-8.997767857142956927e+03
1.670496950128999949e+09,-1.024404761904850602e+03
1.670496950130000114e+09,-7.443749999997671694e+02
1.670496974125999928e+09,6.522053571428870782e+03
1.670496974130000114e+09,6.659934523809701204e+03
1.670496998125999928e+09,7.108714285714551806e+03
1.670496998130000114e+09,7.175267857142956927e+03
1.670497022128999949e+09,9.168714285714318976e+03
1.670497022130000114e+09,8.943595238095149398e+03
1.670497046125999928e+09,2.895482142857275903e+03
1.670497046130000114e+09,2.714023809524253011e+03
1.670497070130000114e+09,-5.094761904759798199e+02
1.670497070131000042e+09,-5.105535714284051210e+02
1.670497094128999949e+09,-3.198702380951959640e+03
1.670497094130000114e+09,-3.058041666666511446e+03
1.670497118130000114e+09,-5.481142857142956927e+03
1.670497142130000114e+09,-5.111636904762126505e+03
1.670497142130000114e+09,-5.179928571428637952e+03
1.670497166125999928e+09,-4.528922619047574699e+03
1.670497166130000114e+09,-4.527839285714318976e+03
1.670497190130000114e+09,-4.504452380952192470e+03
1.670497190130000114e+09,-4.622416666666511446e+03
1.670497214130000114e+09,-1.273642857142724097e+03
1.670497214130000114e+09,-1.010982142857043073e+03
1.670497238125999928e+09,2.275839285714551806e+03
1.670497238130000114e+09,2.715523809523787349e+03
1.670497262125999928e+09,8.492148809523554519e+03
1.670497262130000114e+09,8.553898809523554519e+03
1.670497286130000114e+09,8.511827380952192470e+03
1.670497286130000114e+09,8.041267857142724097e+03
1.670497310130000114e+09,5.103410714285681024e+03
1.670497310130000114e+09,4.284750000000000000e+03
1.670497334130000114e+09,-2.068773809524020180e+03
1.670497358130000114e+09,-1.185360119047644548e+04
1.670497382128999949e+09,-1.506116666666674428e+04
1.670497382130000114e+09,-1.541073214285704307e+04
1.670497406125999928e+09,-9.437279761904617772e+03
1.670497406130000114e+09,-9.283261904761660844e+03
1.670497430128999949e+09,8.814880952383391559e+02
1.670497430130000114e+09,1.246047619047807530e+03
1.670497454130000114e+09,1.014846428571431898e+04
1.670497454130000114e+09,1.045756547619076446e+04
1.670497478130000114e+09,1.243902380952378735e+04
1.670497478130000114e+09,1.232808333333348855e+04
1.670497502130000114e+09,5.727148809524020180e+03
1.670497502130000114e+09,4.849892857143189758e+03
1.670497526130000114e+09,-1.268369047618936747e+03
1.670497526132999897e+09,-1.819398809523554519e+03
1.670497550132999897e+09,-6.113482142856810242e+03
1.670497574132999897e+09,-7.086660714285448194e+03
1.670497598128999949e+09,-6.736083333333022892e+03
1.670497598130000114e+09,-6.384380952380597591e+03
1.670497622130000114e+09,-1.754113095237873495e+03
1.670497622130000114e+09,-1.372053571428405121e+03
1.670497646119999886e+09,3.632375000000000000e+03
1.670497646125000000e+09,3.793160714285681024e+03
1.670497670130000114e+09,1.494184523809701204e+03
1.670497670131000042e+09,1.819327380952425301e+03
1.670497694130000114e+09,9.231964285715948790e+02
1.670497694131999969e+09,1.479333333333488554e+03
1.670497718125999928e+09,2.960869047619169578e+03
1.670497718130000114e+09,3.561380952380830422e+03
1.670497742130000114e+09,5.171238095237873495e+03
1.670497742130000114e+09,5.918351190475979820e+03
1.670497766130000114e+09,4.312023809523787349e+03
1.670497766132999897e+09,5.037065476190298796e+03
1.670497790132999897e+09,5.275976190476212651e+03
1.670497814130000114e+09,-7.779107142856810242e+02
1.670497814131000042e+09,-4.535059523810632527e+02
1.670497838128999949e+09,-7.460708333333255723e+03
1.670497838130000114e+09,-7.355047619047574699e+03
1.670497862125999928e+09,-1.099469642857136205e+04
1.670497862130000114e+09,-1.089039880952378735e+04
1.670497886119999886e+09,-9.621494047618703917e+03
1.670497886125000000e+09,-9.335041666666511446e+03
1.670497910130000114e+09,-3.517720238095149398e+03
1.670497910131999969e+09,-3.380458333333488554e+03
1.670497934130000114e+09,2.386452380952425301e+03
1.670497934132999897e+09,2.376958333333255723e+03
1.670497958125999928e+09,8.596660714285681024e+03
1.670497982125999928e+09,7.234744047619169578e+03
1.670498006132999897e+09,5.236136904762126505e+03
1.670498030130000114e+09,6.337285714285913855e+03
1.670498030131999969e+09,6.354404761904850602e+03
1.670498054130000114e+09,6.417785714285681024e+03
1.670498054132999897e+09,6.434577380952192470e+03
1.670498078125999928e+09,4.243172619047574699e+03
1.670498078130000114e+09,4.382964285714318976e+03
1.670498102130000114e+09,-1.259601190475979820e+03
1.670498102130000114e+09,-1.346976190476212651e+03
1.670498126130000114e+09,-8.080404761904850602e+03
1.670498126131999969e+09,-8.289505952380830422e+03
1.670498150130000114e+09,-1.016649404761893675e+04
1.670498150132999897e+09,-1.039537499999976717e+04
1.670498174130000114e+09,-8.796017857142491266e+03
1.670498174132999897e+09,-8.814928571428172290e+03
1.670498198125999928e+09,-6.125249999999767169e+03
1.670498198130000114e+09,-5.913809523809235543e+03
1.670498222125999928e+09,3.280779761905083433e+03
1.670498222130000114e+09,3.262547619048040360e+03
1.670498246131999969e+09,9.121857142857508734e+03
1.670498270130000114e+09,1.176458928571455181e+04
1.670498270131000042e+09,1.161160714285727590e+04
1.670498294130000114e+09,1.115617261904780753e+04
1.670498294131999969e+09,1.099439285714295693e+04
1.670498318125999928e+09,5.394785714285681024e+03
1.670498342130000114e+09,-1.207815476190531626e+03
1.670498342130000114e+09,-9.879285714284051210e+02
1.670498366130000114e+09,-2.570517857142491266e+03
1.670498366132999897e+09,-1.427738095238106325e+03
1.670498390131999969e+09,2.901821428571594879e+03
1.670498414132999897e+09,2.258779761904850602e+03
1.670498438130000114e+09,-6.916666666651144624e+01
1.670498438130000114e+09,1.651904761905316263e+02
1.670498462125999928e+09,-3.650565476190298796e+03
1.670498462130000114e+09,-3.931202380952425301e+03
1.670498486130000114e+09,-8.042125000000000000e+03
1.670498486131000042e+09,-8.927101190476212651e+03
1.670498510130000114e+09,-1.691004166666651145e+04
1.670498510131000042e+09,-1.765575595238083042e+04
1.670498534131000042e+09,-1.562137499999976717e+04
1.670498558125999928e+09,-7.587517857142724097e+03
1.670498558130000114e+09,-7.530130952380830422e+03
1.670498582125999928e+09,6.162916666666977108e+03
1.670498582130000114e+09,6.666994047619402409e+03
1.670498606130000114e+09,1.872127380952425301e+04
1.670498606131000042e+09,1.948215476190485060e+04
1.670498630130000114e+09,2.303602976190461777e+04
1.670498630131999969e+09,2.338055952380923554e+04
1.670498654130000114e+09,1.693201785714249127e+04
1.670498654132999897e+09,1.649525000000000000e+04
1.670498678125999928e+09,2.865535714285681024e+03
1.670498678130000114e+09,2.400809523809468374e+03
1.670498702125999928e+09,-1.212094642857136205e+04
1.670498702130000114e+09,-1.241088095238083042e+04
1.670498726130000114e+09,-2.237564285714295693e+04
1.670498726131999969e+09,-2.205152380952355452e+04
1.670498750131000042e+09,-2.309552380952355452e+04
1.670498774130000114e+09,-1.614676190476166084e+04
1.670498774132999897e+09,-1.504611309523787349e+04
1.670498798128999949e+09,-4.795166666666511446e+03
1.670498798130000114e+09,-3.994898809523787349e+03
1.670498822130000114e+09,8.755839285714086145e+03
1.670498846130000114e+09,1.546950595238083042e+04
1.670498846131999969e+09,1.501145833333325572e+04
1.670498870130000114e+09,1.551992857142840512e+04
1.670498870132999897e+09,1.486270833333302289e+04
1.670498894130000114e+09,7.444065476190531626e+03
1.670498894131999969e+09,6.830386904761893675e+03
1.670498918125999928e+09,3.643452380970120430e+01
1.670498918130000114e+09,-2.353035714284051210e+02
1.670498942125999928e+09,-1.261666666662786156e+02
1.670498942130000114e+09,-1.401904761902987957e+02
1.670498966130000114e+09,5.085714285750873387e+01
1.670498966132999897e+09,8.167738095240201801e+02
1.670498990130000114e+09,-5.380886904761660844e+03
1.670498990131999969e+09,-4.503041666666511446e+03
1.670499014130000114e+09,-6.722214285714318976e+03
1.670499014131999969e+09,-6.121202380952192470e+03
1.670499038125999928e+09,-4.738202380952425301e+03
1.670499038130000114e+09,-4.588017857143189758e+03
1.670499062130000114e+09,-1.332875000000000000e+03
1.670499062130000114e+09,-1.087470238095149398e+03
1.670499086130000114e+09,1.681904761904850602e+03
1.670499086131999969e+09,2.100309523809468374e+03
1.670499110131999969e+09,3.537470238095382228e+03
1.670499134130000114e+09,1.921339285714551806e+03
1.670499134131000042e+09,1.986970238095615059e+03
1.670499158125999928e+09,6.985773809526581317e+02
1.670499158130000114e+09,6.804464285718277097e+02
1.670499182128999949e+09,2.443880952381296083e+03
1.670499182130000114e+09,2.413160714285913855e+03
1.670499206130000114e+09,5.891964285715948790e+02
1.670499206131999969e+09,1.535595238097012043e+02
1.670499230130000114e+09,-2.735279761904384941e+03
1.670499230132999897e+09,-3.250845238094916567e+03
1.670499254130000114e+09,-5.050678571428405121e+03
1.670499254132999897e+09,-5.591630952380364761e+03
1.670499278125999928e+09,-6.744547619047109038e+03
1.670499278130000114e+09,-6.446821428570896387e+03
1.670499302125999928e+09,-3.988059523809235543e+03
1.670499302130000114e+09,-3.403874999999534339e+03
1.670499326131000042e+09,3.624428571428870782e+03
1.670499350130000114e+09,9.061797619047807530e+03
1.670499350131000042e+09,9.263976190476445481e+03
1.670499374131999969e+09,1.349177380952402018e+04
1.670499398125999928e+09,1.293133333333348855e+04
1.670499398130000114e+09,1.203924404761893675e+04
1.670499422130000114e+09,2.877648809523554519e+03
1.670499446130000114e+09,-1.112091071428591385e+04
1.670499446131999969e+09,-1.239443452380946837e+04
1.670499470130000114e+09,-1.678195833333325572e+04
1.670499470131000042e+09,-1.824177380952378735e+04
1.670499494130000114e+09,-1.284306547619029880e+04
1.670499494132999897e+09,-1.336990476190461777e+04
1.670499518128999949e+09,-3.649136904761893675e+03
1.670499518130000114e+09,-3.257875000000000000e+03
1.670499542125999928e+09,5.283095238095149398e+03
1.670499542130000114e+09,5.882273809523554519e+03
1.670499566130000114e+09,1.608792261904734187e+04
1.670499566131000042e+09,1.566600595238083042e+04
1.670499590130000114e+09,1.990172023809514940e+04
1.670499590131999969e+09,1.940998214285727590e+04
1.670499614130000114e+09,1.166971428571455181e+04
1.670499614132999897e+09,1.126180357142863795e+04
1.670499638125999928e+09,-3.357071428571362048e+03
1.670499638130000114e+09,-3.372535714285448194e+03
1.670499662125999928e+09,-8.968648809523554519e+03
1.670499662130000114e+09,-8.628779761904617772e+03
1.670499686118000031e+09,-8.976279761904850602e+03
1.670499686119999886e+09,-8.254630952380830422e+03
1.670499710130000114e+09,-6.726821428571594879e+03
1.670499710131999969e+09,-5.850202380952658132e+03
1.670499734130000114e+09,-2.800250000000000000e+03
1.670499734132999897e+09,-2.354904761904617772e+03
1.670499758125999928e+09,-8.654583333334885538e+02
1.670499758130000114e+09,-1.255696428571594879e+03
1.670499782128999949e+09,-3.346428571455180645e+01
1.670499782130000114e+09,-2.447440476194024086e+02
1.670499806132999897e+09,4.675059523805975914e+02
1.670499830130000114e+09,1.350148809523554519e+03
1.670499830130000114e+09,1.482011904761893675e+03
1.670499854130000114e+09,2.510595238094916567e+03
1.670499854131000042e+09,2.671184523809235543e+03
1.670499878125000000e+09,6.000940476190065965e+03
1.670499878130000114e+09,6.158642857142724097e+03
1.670499902128999949e+09,8.492535714285681024e+03
1.670499902130000114e+09,8.523309523809701204e+03
1.670499926130000114e+09,2.925369047619169578e+03
1.670499926132999897e+09,2.993160714285913855e+03
1.670499950130000114e+09,-7.037279761904617772e+03
1.670499950132999897e+09,-6.995988095238106325e+03
1.670499974131000042e+09,-8.239255952381063253e+03
1.670499998125999928e+09,-7.224892857142956927e+03
1.670499998130000114e+09,-7.094809523809701204e+03
1.670500022125999928e+09,-4.019839285714086145e+03
1.670500022130000114e+09,-3.828892857142724097e+03
1.670500046130000114e+09,-5.964285714286379516e+02
1.670500046131000042e+09,-2.438750000000000000e+02
1.670500070130000114e+09,2.193976190476212651e+03
1.670500070131999969e+09,2.210958333333255723e+03
1.670500094130000114e+09,1.614904761904850602e+03
1.670500094132999897e+09,9.463333333334885538e+02
1.670500118130000114e+09,1.011702380952658132e+03
1.670500118130000114e+09,1.501190476191695780e+02
1.670500142130000114e+09,2.316607142856810242e+02
1.670500142130000114e+09,-3.718035714284051210e+02
1.670500166130000114e+09,-6.831904761902987957e+02
1.670500166131000042e+09,-8.306547619046177715e+02
1.670500190131000042e+09,-1.611863095237640664e+03
1.670500214130000114e+09,-5.781547619029879570e+01
1.670500214132999897e+09,9.483333333372138441e+01
1.670500238125999928e+09,5.406994047619402409e+03
1.670500262128999949e+09,6.889601190476445481e+03
1.670500262130000114e+09,6.669363095238106325e+03
1.670500286130000114e+09,4.263619047619402409e+03
1.670500286132999897e+09,4.094851190476445481e+03
1.670500310130000114e+09,-2.971380952380830422e+03
1.670500310132999897e+09,-3.066154761904617772e+03
1.670500334130000114e+09,-6.137333333333488554e+03
1.670500334131999969e+09,-6.150065476190531626e+03
1.670500358130000114e+09,-5.226375000000000000e+03
1.670500358130000114e+09,-5.015880952380830422e+03
1.670500382128999949e+09,1.108029761905083433e+03
1.670500406130000114e+09,4.360333333333488554e+03
1.670500406131000042e+09,5.125702380952658132e+03
1.670500430130000114e+09,4.136761904761893675e+03
1.670500430131999969e+09,4.614738095238106325e+03
1.670500454130000114e+09,3.770827380952658132e+03
1.670500454132999897e+09,3.919928571428870782e+03
1.670500478125999928e+09,2.127589285714551806e+03
1.670500478130000114e+09,1.988047619048040360e+03
1.670500502128999949e+09,-3.744327380951959640e+03
1.670500502130000114e+09,-3.932285714285215363e+03
1.670500526130000114e+09,-6.285089285713853315e+03
1.670500526131999969e+09,-6.058440476190298796e+03
1.670500550130000114e+09,-4.208785714285448194e+03
1.670500550131999969e+09,-3.884059523809468374e+03
1.670500574130000114e+09,-2.485505952381063253e+03
1.670500574131999969e+09,-2.147988095238106325e+03
1.670500598125999928e+09,2.738517857142956927e+03
1.670500598130000114e+09,2.935535714285913855e+03
1.670500622130000114e+09,3.790916666666977108e+03
1.670500622130000114e+09,3.643869047619169578e+03
1.670500646130000114e+09,3.185124999999767169e+03
1.670500646131999969e+09,3.072761904761893675e+03
