1.670492476746000051e+09,-1.907514285714179277e+04
1.670492476750000000e+09,-7.673238095238804817e+03
1.670492500746000051e+09,-1.950180952380597591e+04
1.670492500746000051e+09,-6.452761904761195183e+03
1.670492500750000000e+09,3.612000000000000000e+03
1.670492524746000051e+09,4.432095238097012043e+03
1.670492524746000051e+09,1.470733333333581686e+04
1.670492548746999979e+09,5.387809523809701204e+03
1.670492548746999979e+09,1.105638095238059759e+04
1.670492548750000000e+09,1.665695238095149398e+04
1.670492572746000051e+09,-2.227714285714179277e+04
1.670492572746000051e+09,-2.078752380952239037e+04
1.670492572750000000e+09,-1.924361904761567712e+04
1.670492596746999979e+09,-5.448980952380597591e+04
1.670492596746999979e+09,-5.653457142856717110e+04
1.670492620746000051e+09,-6.474295238095149398e+04
1.670492620746000051e+09,-6.724171428571268916e+04
1.670492620750000000e+09,-7.031542857143282890e+04
1.670492644744999886e+09,-2.631733333333581686e+04
1.670492644744999886e+09,-3.025104761904850602e+04
1.670492644750000000e+09,-3.207923809523880482e+04
1.670492668746000051e+09,1.920428571428731084e+04
1.670492668746000051e+09,1.520866666666418314e+04
1.670492668750000000e+09,1.369114285714179277e+04
1.670492692730000019e+09,6.138695238095149398e+04
1.670492692733999968e+09,5.954409523809701204e+04
1.670492692733999968e+09,5.725190476190671325e+04
1.670492716744999886e+09,6.775047619047760963e+04
1.670492716744999886e+09,6.649904761904850602e+04
1.670492716750000000e+09,6.760990476190298796e+04
1.670492740744999886e+09,2.680266666666418314e+04
1.670492740744999886e+09,3.015485714285820723e+04
1.670492740750000000e+09,3.616333333333581686e+04
1.670492764746000051e+09,-7.944190476190298796e+03
1.670492764746000051e+09,2.520666666667908430e+03
1.670492788746000051e+09,-1.199619047619029880e+04
1.670492788746000051e+09,9.063809523805975914e+02
1.670492788750000000e+09,1.780647619047760963e+04
1.670492812746000051e+09,1.360952380952611566e+04
1.670492812746000051e+09,3.246580952381342649e+04
1.670492812750000000e+09,5.111790476190671325e+04
1.670492836739000082e+09,1.956780952380970120e+04
1.670492836739000082e+09,3.423647619047760963e+04
1.670492836740000010e+09,4.878028571428358555e+04
1.670492860730000019e+09,-3.280933333333581686e+04
1.670492860733999968e+09,-2.632190476190671325e+04
1.670492860733999968e+09,-2.110380952380970120e+04
1.670492884746000051e+09,-1.010419047619067132e+05
1.670492884746000051e+09,-1.013465714285708964e+05
1.670492908746000051e+09,-1.297616190476231277e+05
1.670492908746000051e+09,-1.311060952381007373e+05
1.670492908750000000e+09,-1.353110476190522313e+05
1.670492932746000051e+09,-9.537390476190671325e+04
1.670492932746000051e+09,-1.038007619047611952e+05
1.670492932750000000e+09,-1.121956190476194024e+05
1.670492956746000051e+09,-4.164571428570896387e+03
1.670492956746000051e+09,-1.811161904761940241e+04
1.670492956750000000e+09,-3.226466666666790843e+04
1.670492980744999886e+09,6.586800000000000000e+04
1.670492980744999886e+09,4.918742857142910361e+04
1.670492980750000000e+09,3.128961904761940241e+04
1.670493004746000051e+09,7.223219047619029880e+04
1.670493004746000051e+09,5.620419047619029880e+04
1.670493028746999979e+09,8.552133333333209157e+04
1.670493028746999979e+09,7.388476190476119518e+04
1.670493028750000000e+09,6.232790476190671325e+04
1.670493052739000082e+09,7.825200000000372529e+04
1.670493052739000082e+09,7.326695238095149398e+04
1.670493052740000010e+09,6.807809523809328675e+04
1.670493076746000051e+09,4.104142857142910361e+04
1.670493076746000051e+09,4.222771428571641445e+04
1.670493100744999886e+09,2.501428571429103613e+03
1.670493100744999886e+09,6.530190476190298796e+03
1.670493100750000000e+09,1.043495238095521927e+04
1.670493124740000010e+09,-2.926609523809328675e+04
1.670493124742000103e+09,-2.246657142856717110e+04
1.670493124742000103e+09,-1.579104761904478073e+04
1.670493148744999886e+09,-2.690933333333209157e+04
1.670493148744999886e+09,-1.895361904761567712e+04
1.670493148750000000e+09,-1.093114285713806748e+04
1.670493172746000051e+09,-1.840619047619029880e+04
1.670493172746000051e+09,-1.212723809523880482e+04
1.670493196744999886e+09,-1.025904761904850602e+04
1.670493196744999886e+09,-5.734857142854481936e+03
1.670493196750000000e+09,-1.100761904757469893e+03
1.670493220746000051e+09,-1.091895238094776869e+04
1.670493220746000051e+09,-8.409142857138067484e+03
1.670493220750000000e+09,-7.654380952380597591e+03
1.670493244746000051e+09,-1.279847619047760963e+04
1.670493244746000051e+09,-1.289323809523880482e+04
1.670493268746000051e+09,-8.566476190473884344e+03
1.670493268746000051e+09,-1.234466666666418314e+04
1.670493292746000051e+09,-2.422380952380970120e+04
1.670493292746000051e+09,-3.216342857142910361e+04
1.670493316746000051e+09,-4.350552380952611566e+04
1.670493316746000051e+09,-5.369657142857089639e+04
1.670493316750000000e+09,-6.455199999999627471e+04
1.670493340746999979e+09,-3.805619047618657351e+04
1.670493340746999979e+09,-4.762295238095149398e+04
1.670493340750000000e+09,-5.762571428571641445e+04
1.670493364740999937e+09,-5.111428571417927742e+02
1.670493364740999937e+09,-6.715809523805975914e+03
1.670493388746000051e+09,7.181638095238059759e+04
1.670493388746000051e+09,6.791552380952611566e+04
1.670493388750000000e+09,6.410866666666790843e+04
1.670493412746000051e+09,1.071784761904776096e+05
1.670493412750000000e+09,1.051853333333358169e+05
1.670493436750000000e+09,7.784028571428358555e+04
1.670493436753999949e+09,7.770361904761567712e+04
1.670493436753999949e+09,8.098647619047760963e+04
1.670493460746000051e+09,1.606600000000372529e+04
1.670493460746000051e+09,2.700171428571641445e+04
1.670493460750000000e+09,3.787742857142910361e+04
1.670493484739000082e+09,4.635238095223903656e+02
1.670493484739000082e+09,1.668247619047760963e+04
1.670493484740000010e+09,3.306161904761940241e+04
1.670493508746000051e+09,6.061523809522390366e+03
1.670493508746000051e+09,1.566980952380970120e+04
1.670493508750000000e+09,2.412285714285448194e+04
1.670493532733999968e+09,-4.051038095237687230e+04
1.670493532733999968e+09,-3.747990476189926267e+04
1.670493556746999979e+09,-1.349287619047611952e+05
1.670493556746999979e+09,-1.351509523809514940e+05
1.670493556750000000e+09,-1.376943809523805976e+05
1.670493580730000019e+09,-1.688863809523805976e+05
1.670493580733999968e+09,-1.731648571428544819e+05
1.670493580733999968e+09,-1.774838095238097012e+05
1.670493628746000051e+09,1.951619047623127699e+03
1.670493628746000051e+09,-1.069238095235079527e+03
1.670493628750000000e+09,-3.975523809518665075e+03
1.670493652746000051e+09,1.021846666666679084e+05
1.670493652746000051e+09,9.985980952380970120e+04
1.670493652750000000e+09,9.301685714285448194e+04
1.670493676744999886e+09,1.341241904761865735e+05
1.670493676744999886e+09,1.303658095238097012e+05
1.670493700746000051e+09,1.110485714285708964e+05
1.670493700746000051e+09,1.060477142857126892e+05
1.670493700750000000e+09,1.015823809523805976e+05
1.670493724740000010e+09,3.313647619047760963e+04
1.670493724742000103e+09,3.734971428571641445e+04
1.670493724742000103e+09,4.021257142857462168e+04
1.670493748744999886e+09,-3.902428571428731084e+04
1.670493748744999886e+09,-3.079266666666418314e+04
1.670493748750000000e+09,-2.412028571428358555e+04
1.670493772744999886e+09,-8.205352380951866508e+04
1.670493772744999886e+09,-7.295676190475746989e+04
1.670493772750000000e+09,-6.504561904761940241e+04
1.670493796755000114e+09,-6.720247619047760963e+04
1.670493796755000114e+09,-5.924171428571641445e+04
1.670493796759999990e+09,-5.678200000000000000e+04
1.670493820746000051e+09,-2.319333333333209157e+04
1.670493820746000051e+09,-2.067266666666790843e+04
1.670493820750000000e+09,-2.652333333333209157e+04
1.670493844746000051e+09,-2.196000000000000000e+03
1.670493844746000051e+09,-7.965333333328366280e+03
1.670493844750000000e+09,-1.955990476189926267e+04
1.670493868746000051e+09,-2.140590476190298796e+04
1.670493868746000051e+09,-3.291600000000000000e+04
1.670493868750000000e+09,-4.563428571428358555e+04
1.670493892730000019e+09,-1.693257142857089639e+04
1.670493892734999895e+09,-2.959485714285075665e+04
1.670493892734999895e+09,-4.075971428570896387e+04
1.670493916739000082e+09,3.442980952381342649e+04
1.670493916739000082e+09,2.328980952381342649e+04
1.670493916740000010e+09,1.372142857142910361e+04
1.670493940750000000e+09,5.755904761904850602e+04
1.670493940753999949e+09,4.900342857142910361e+04
1.670493940753999949e+09,4.096190476190671325e+04
1.670493964746000051e+09,4.683980952380970120e+04
1.670493964746000051e+09,4.116152380952239037e+04
1.670493988739000082e+09,3.717657142857089639e+04
1.670493988739000082e+09,3.345971428571641445e+04
1.670493988740000010e+09,3.241142857142910361e+04
1.670494012730000019e+09,3.462352380952611566e+04
1.670494012734999895e+09,3.935723809523880482e+04
1.670494012734999895e+09,4.420333333333581686e+04
1.670494036739000082e+09,2.630104761904850602e+04
1.670494036739000082e+09,3.349733333333209157e+04
1.670494036740000010e+09,4.062161904761567712e+04
1.670494060744999886e+09,-1.132476190477609634e+03
1.670494060744999886e+09,5.713904761902987957e+03
1.670494060750000000e+09,1.269514285714179277e+04
1.670494084744999886e+09,-3.573333333333209157e+04
1.670494084744999886e+09,-3.059419047619029880e+04
1.670494108746000051e+09,-6.604523809523507953e+04
1.670494108746000051e+09,-6.173533333333209157e+04
1.670494108750000000e+09,-5.746990476190298796e+04
1.670494132746000051e+09,-4.871380952380970120e+04
1.670494132746000051e+09,-4.413371428571641445e+04
1.670494132750000000e+09,-3.970142857142910361e+04
1.670494156746000051e+09,-1.466800000000000000e+04
1.670494156746000051e+09,-1.104076190476119518e+04
1.670494180746000051e+09,2.828752380952611566e+04
1.670494180746000051e+09,2.937771428571641445e+04
1.670494204746000051e+09,4.704190476190671325e+04
1.670494204746000051e+09,4.623761904761940241e+04
1.670494204750000000e+09,4.561447619047760963e+04
1.670494228746999979e+09,1.399523809523880482e+04
1.670494228746999979e+09,1.355685714285820723e+04
1.670494228750000000e+09,1.365076190476119518e+04
1.670494252730000019e+09,-1.579628571428358555e+04
1.670494252734999895e+09,-1.473895238095149398e+04
1.670494252734999895e+09,-1.378809523809328675e+04
1.670494276746000051e+09,-1.127352380952239037e+04
1.670494276746000051e+09,-8.625428571429103613e+03
1.670494276750000000e+09,-5.712857142858207226e+03
1.670494300746000051e+09,-6.417809523805975914e+03
1.670494300746000051e+09,-3.528285714283585548e+03
1.670494300750000000e+09,-1.108095238093286753e+03
1.670494324746000051e+09,-1.062571428571268916e+04
1.670494324746000051e+09,-8.252952380951493979e+03
1.670494324750000000e+09,-5.833238095235079527e+03
1.670494348746999979e+09,4.337142857126891613e+02
1.670494348746999979e+09,2.784666666664183140e+03
1.670494348750000000e+09,6.994761904761195183e+03
1.670494372730000019e+09,2.255085714285820723e+04
1.670494372733999968e+09,2.682609523809701204e+04
1.670494372733999968e+09,3.327104761904850602e+04
1.670494396730000019e+09,1.947000000000372529e+04
1.670494396733999968e+09,2.600133333333581686e+04
1.670494396733999968e+09,3.239304761904850602e+04
1.670494420730000019e+09,9.616761904761195183e+03
1.670494420733999968e+09,1.599200000000000000e+04
1.670494420733999968e+09,2.096409523809701204e+04
1.670494444744999886e+09,-1.214980952380597591e+04
1.670494444744999886e+09,-7.177428571425378323e+03
1.670494444750000000e+09,-4.430095238093286753e+03
1.670494468739000082e+09,-5.326523809523507953e+04
1.670494468739000082e+09,-5.050847619047760963e+04
1.670494468740000010e+09,-5.229942857142910361e+04
1.670494492746999979e+09,-6.463457142857089639e+04
1.670494492746999979e+09,-6.807904761904478073e+04
1.670494492750000000e+09,-7.296247619047388434e+04
1.670494516746000051e+09,-4.395552380952239037e+04
1.670494516746000051e+09,-4.892199999999627471e+04
1.670494516750000000e+09,-5.565609523809328675e+04
1.670494540746000051e+09,-4.442095238093286753e+03
1.670494540746000051e+09,-9.204761904761195183e+03
1.670494540750000000e+09,-1.638028571428358555e+04
1.670494564744999886e+09,4.972580952380970120e+04
1.670494564744999886e+09,4.456600000000372529e+04
1.670494588744999886e+09,7.563552380952611566e+04
1.670494588744999886e+09,6.997285714286193252e+04
1.670494588750000000e+09,6.596028571428731084e+04
1.670494612744999886e+09,6.622333333333209157e+04
1.670494612744999886e+09,6.377057142857089639e+04
1.670494612750000000e+09,6.368590476190671325e+04
1.670494636744999886e+09,2.382704761904850602e+04
1.670494636744999886e+09,2.642542857143282890e+04
1.670494636750000000e+09,3.014400000000000000e+04
1.670494660746000051e+09,-5.923809523809701204e+03
1.670494660746000051e+09,1.316476190477609634e+03
1.670494660750000000e+09,1.043095238095149398e+04
1.670494684746000051e+09,-1.394257142857462168e+04
1.670494684746000051e+09,-4.738857142858207226e+03
1.670494684750000000e+09,2.546571428574621677e+03
1.670494708746999979e+09,-3.808399999999627471e+04
1.670494708746999979e+09,-3.475523809523507953e+04
1.670494708750000000e+09,-3.351609523809328675e+04
1.670494732746000051e+09,-5.640761904761940241e+04
1.670494732746000051e+09,-6.086266666666790843e+04
1.670494732750000000e+09,-6.730009523809328675e+04
1.670494756746000051e+09,-7.812152380952239037e+04
1.670494756746000051e+09,-8.870228571428358555e+04
1.670494756750000000e+09,-1.010215238095186651e+05
1.670494780744999886e+09,-7.117057142856717110e+04
1.670494780744999886e+09,-8.248523809523507953e+04
1.670494804746000051e+09,-1.194580952380970120e+04
1.670494804746000051e+09,-2.554647619047760963e+04
1.670494804750000000e+09,-3.378828571428731084e+04
1.670494828740000010e+09,7.759380952380970120e+04
1.670494828740000010e+09,6.814257142856717110e+04
1.670494828740000010e+09,6.424809523809328675e+04
1.670494852746999979e+09,1.453600952380932868e+05
1.670494852746999979e+09,1.412640952380932868e+05
1.670494852750000000e+09,1.407674285714253783e+05
1.670494876746000051e+09,1.238264761904738843e+05
1.670494876746000051e+09,1.252050476190485060e+05
1.670494876750000000e+09,1.322250476190485060e+05
1.670494900746000051e+09,2.865504761905223131e+04
1.670494900746000051e+09,3.564238095238432288e+04
1.670494900750000000e+09,4.834800000000000000e+04
1.670494924730000019e+09,-5.638047619047760963e+04
1.670494924733999968e+09,-4.373104761904850602e+04
1.670494924733999968e+09,-2.836295238095149398e+04
1.670494948746000051e+09,-8.615885714285448194e+04
1.670494948746000051e+09,-7.078647619047015905e+04
1.670494948750000000e+09,-5.813800000000000000e+04
1.670494972744999886e+09,-7.899152380952611566e+04
1.670494972744999886e+09,-6.643695238095521927e+04
1.670494972750000000e+09,-6.225695238095149398e+04
1.670494996744999886e+09,-5.744095238095149398e+04
1.670494996744999886e+09,-5.311685714285820723e+04
1.670494996750000000e+09,-5.704209523809701204e+04
1.670495020744999886e+09,-3.142761904761940241e+04
1.670495020744999886e+09,-3.539914285714179277e+04
1.670495020750000000e+09,-4.617457142856717110e+04
1.670495044744999886e+09,-1.612999999999627471e+04
1.670495044744999886e+09,-2.693685714285820723e+04
1.670495044750000000e+09,-4.182666666666418314e+04
1.670495068746000051e+09,5.621523809526115656e+03
1.670495068746000051e+09,-9.318000000000000000e+03
1.670495068750000000e+09,-2.443057142857089639e+04
1.670495092730000019e+09,1.727085714285820723e+04
1.670495092733999968e+09,2.242380952380597591e+03
1.670495092733999968e+09,-9.756000000000000000e+03
1.670495116744999886e+09,4.863561904761940241e+04
1.670495116744999886e+09,3.664695238095149398e+04
1.670495116750000000e+09,2.755657142857089639e+04
1.670495140746000051e+09,7.160019047619029880e+04
1.670495140746000051e+09,6.243009523809701204e+04
1.670495140750000000e+09,5.787895238095521927e+04
1.670495164750000000e+09,5.533580952380970120e+04
1.670495164753999949e+09,5.067276190476492047e+04
1.670495164753999949e+09,5.235438095238432288e+04
1.670495188744999886e+09,2.045095238095149398e+04
1.670495188744999886e+09,2.213285714285820723e+04
1.670495188750000000e+09,2.863819047619029880e+04
1.670495212746000051e+09,1.702552380952239037e+04
1.670495212746000051e+09,2.370000000000000000e+04
1.670495212750000000e+09,3.256409523809701204e+04
1.670495236739000082e+09,7.278190476190298796e+03
1.670495236739000082e+09,1.614971428571268916e+04
1.670495236740000010e+09,2.317876190476119518e+04
1.670495260746000051e+09,-4.458419047619402409e+04
1.670495260746000051e+09,-3.758038095238059759e+04
1.670495260750000000e+09,-3.349876190476119518e+04
1.670495284746000051e+09,-6.390314285714179277e+04
1.670495284746000051e+09,-5.980790476190298796e+04
1.670495284750000000e+09,-5.645047619047760963e+04
1.670495308744999886e+09,-4.612704761904478073e+04
1.670495308744999886e+09,-4.228171428571268916e+04
1.670495308750000000e+09,-4.006857142857089639e+04
1.670495332746000051e+09,3.378571428570896387e+03
1.670495332746000051e+09,6.284095238097012043e+03
1.670495332750000000e+09,5.573904761902987957e+03
1.670495356739000082e+09,3.211571428571268916e+04
1.670495356739000082e+09,2.965114285714179277e+04
1.670495356740000010e+09,2.566990476190298796e+04
1.670495380746000051e+09,2.174466666666790843e+04
1.670495380746000051e+09,1.401019047619029880e+04
1.670495404730000019e+09,-6.619809523809701204e+03
1.670495404734999895e+09,-1.406761904761940241e+04
1.670495404734999895e+09,-2.360857142857089639e+04
1.670495428730000019e+09,-4.553438095238059759e+04
1.670495428733999968e+09,-5.316466666666790843e+04
1.670495428733999968e+09,-6.078066666666790843e+04
1.670495452730000019e+09,-2.906971428571268916e+04
1.670495452733999968e+09,-3.263857142857089639e+04
1.670495452733999968e+09,-3.626723809523507953e+04
1.670495476746000051e+09,3.635161904761940241e+04
1.670495476746000051e+09,3.616914285714179277e+04
1.670495476750000000e+09,3.543647619047388434e+04
1.670495500739000082e+09,7.958085714285820723e+04
1.670495500739000082e+09,8.287980952381342649e+04
1.670495500740000010e+09,8.550552380952611566e+04
1.670495524733999968e+09,8.886123809523880482e+04
1.670495524733999968e+09,9.565990476190671325e+04
1.670495548746000051e+09,4.785961904761940241e+04
1.670495548746000051e+09,5.646790476190671325e+04
1.670495548750000000e+09,6.681533333333581686e+04
1.670495572746000051e+09,8.969238095238804817e+03
1.670495572746000051e+09,2.312514285714551806e+04
1.670495572750000000e+09,3.414666666666790843e+04
1.670495596746999979e+09,-3.894304761904478073e+04
1.670495596746999979e+09,-2.570704761904850602e+04
1.670495596750000000e+09,-1.839838095238059759e+04
1.670495620739000082e+09,-9.859276190476119518e+04
1.670495620739000082e+09,-9.107009523809328675e+04
1.670495620740000010e+09,-9.054752380952239037e+04
1.670495644730000019e+09,-1.304737142857126892e+05
1.670495644733999968e+09,-1.299905714285671711e+05
1.670495644733999968e+09,-1.343517142857126892e+05
1.670495668746000051e+09,-7.428085714285448194e+04
1.670495668746000051e+09,-7.617504761904850602e+04
1.670495668750000000e+09,-8.225780952380970120e+04
1.670495692746999979e+09,3.248990476190298796e+04
1.670495692746999979e+09,3.111752380952239037e+04
1.670495692750000000e+09,2.554619047619029880e+04
1.670495716730000019e+09,1.126076190476231277e+05
1.670495716733999968e+09,1.103848571428582072e+05
1.670495716733999968e+09,1.060569523809514940e+05
1.670495740733999968e+09,1.299058095238097012e+05
1.670495740733999968e+09,1.254912380952388048e+05
1.670495764744999886e+09,7.226885714285820723e+04
1.670495764744999886e+09,7.092076190476492047e+04
1.670495764750000000e+09,6.825980952381342649e+04
1.670495788739000082e+09,-2.583333333333209157e+04
1.670495788739000082e+09,-2.260447619047388434e+04
1.670495788740000010e+09,-2.102914285714179277e+04
1.670495812746999979e+09,-8.082095238095521927e+04
1.670495812746999979e+09,-7.476400000000372529e+04
1.670495812750000000e+09,-7.108923809523880482e+04
1.670495836746999979e+09,-6.421476190476119518e+04
1.670495836746999979e+09,-5.921828571428358555e+04
1.670495836750000000e+09,-5.910276190475746989e+04
1.670495860740000010e+09,-3.438723809523507953e+04
1.670495860742000103e+09,-3.487152380951866508e+04
1.670495860742000103e+09,-3.989838095237687230e+04
1.670495884730000019e+09,-1.144123809523507953e+04
1.670495884733999968e+09,-1.628819047619029880e+04
1.670495884733999968e+09,-2.416638095238059759e+04
1.670495908730000019e+09,1.992428571428731084e+04
1.670495908733999968e+09,1.373571428571641445e+04
1.670495908733999968e+09,8.303142857141792774e+03
1.670495932733999968e+09,5.425057142857089639e+04
1.670495932733999968e+09,4.895361904761940241e+04
1.670495956730000019e+09,5.476980952381342649e+04
1.670495956733999968e+09,4.877800000000372529e+04
1.670495956733999968e+09,4.295019047619402409e+04
1.670495980734999895e+09,3.269609523810073733e+04
1.670495980734999895e+09,2.505076190476492047e+04
1.670496004746000051e+09,-1.633857142856717110e+04
1.670496004746000051e+09,-2.157809523809328675e+04
1.670496028746999979e+09,-4.337828571428731084e+04
1.670496028746999979e+09,-4.945847619047388434e+04
1.670496052746000051e+09,-5.219761904761567712e+04
1.670496052746000051e+09,-5.212476190475746989e+04
1.670496076746000051e+09,-1.587980952380597591e+04
1.670496076746000051e+09,-1.378542857142537832e+04
1.670496076750000000e+09,-1.167504761904478073e+04
1.670496100739000082e+09,6.056580952380970120e+04
1.670496100739000082e+09,6.127466666666790843e+04
1.670496100740000010e+09,6.021438095238432288e+04
1.670496124746000051e+09,7.635019047619029880e+04
1.670496124746000051e+09,7.400142857142910361e+04
1.670496148739000082e+09,-6.188190476190298796e+03
1.670496148739000082e+09,-9.318190476190298796e+03
1.670496148740000010e+09,-1.242219047619029880e+04
1.670496172746999979e+09,-4.655599999999627471e+04
1.670496172746999979e+09,-4.804542857142537832e+04
1.670496196746000051e+09,-2.645809523809328675e+04
1.670496196746000051e+09,-2.389685714285448194e+04
1.670496196750000000e+09,-2.128761904761567712e+04
1.670496220746000051e+09,-4.038761904757469893e+03
1.670496220746000051e+09,-1.363904761902987957e+03
1.670496220750000000e+09,1.454952380951493979e+03
1.670496244746999979e+09,1.387619047619029880e+04
1.670496244746999979e+09,1.047038095238059759e+04
1.670496244750000000e+09,7.108190476190298796e+03
1.670496268746000051e+09,3.360761904761195183e+03
1.670496268746000051e+09,-4.258761904761195183e+03
1.670496292744999886e+09,-2.429542857142910361e+04
1.670496292744999886e+09,-3.081580952380970120e+04
1.670496292750000000e+09,-3.849580952380597591e+04
1.670496316746000051e+09,-3.040276190475746989e+04
1.670496316746000051e+09,-3.744171428571268916e+04
1.670496316750000000e+09,-4.472123809523880482e+04
1.670496340740000010e+09,-1.384285714283585548e+03
1.670496340740000010e+09,-8.062095238093286753e+03
1.670496340740000010e+09,-1.163542857142910361e+04
1.670496364739000082e+09,4.075285714285448194e+04
1.670496364739000082e+09,3.723361904761940241e+04
1.670496364740000010e+09,3.747923809524253011e+04
1.670496388730000019e+09,6.334885714285820723e+04
1.670496388733999968e+09,6.363047619047760963e+04
1.670496388733999968e+09,6.693019047619029880e+04
1.670496412744999886e+09,7.420790476190298796e+04
1.670496412744999886e+09,7.749676190476119518e+04
1.670496412750000000e+09,8.143295238095521927e+04
1.670496436746000051e+09,2.204076190476492047e+04
1.670496436746000051e+09,2.586885714285820723e+04
1.670496436750000000e+09,2.792142857143282890e+04
1.670496460746000051e+09,-6.280400000000000000e+04
1.670496460746000051e+09,-6.082371428571268916e+04
1.670496460750000000e+09,-5.993238095238059759e+04
1.670496484746000051e+09,-1.074721904761902988e+05
1.670496484746000051e+09,-1.063824761904776096e+05
1.670496484750000000e+09,-1.028887619047611952e+05
1.670496508746000051e+09,-6.114104761904850602e+04
1.670496508746000051e+09,-5.780752380952239037e+04
1.670496508750000000e+09,-5.230933333332836628e+04
1.670496532746000051e+09,4.785038095238432288e+04
1.670496532746000051e+09,5.326961904761940241e+04
1.670496532750000000e+09,6.020057142857089639e+04
1.670496556746000051e+09,1.115855238095223904e+05
1.670496556746000051e+09,1.185611428571417928e+05
1.670496556750000000e+09,1.256397142857126892e+05
1.670496580739000082e+09,8.984780952380970120e+04
1.670496580739000082e+09,9.700000000000000000e+04
1.670496580740000010e+09,1.047650476190485060e+05
1.670496604750000000e+09,5.592095238097012043e+03
1.670496604753999949e+09,1.355885714285820723e+04
1.670496604753999949e+09,2.381666666666790843e+04
1.670496628746000051e+09,-9.125752380952239037e+04
1.670496628746000051e+09,-8.099961904761940241e+04
1.670496628750000000e+09,-7.111914285714179277e+04
1.670496652740000010e+09,-1.133306666666641831e+05
1.670496652740000010e+09,-1.030190476190447807e+05
1.670496652740000010e+09,-9.758247619047388434e+04
1.670496676746000051e+09,-6.881790476190298796e+04
1.670496676746000051e+09,-6.338342857142537832e+04
1.670496676750000000e+09,-6.530019047619029880e+04
1.670496700744999886e+09,-2.259647619047760963e+04
1.670496700744999886e+09,-2.454999999999627471e+04
1.670496700750000000e+09,-3.298209523809328675e+04
1.670496724746999979e+09,5.717809523809701204e+03
1.670496724746999979e+09,-2.683238095235079527e+03
1.670496724750000000e+09,-1.226085714285820723e+04
1.670496748746000051e+09,3.401200000000000000e+04
1.670496748746000051e+09,2.548247619047760963e+04
1.670496748750000000e+09,1.800180952380970120e+04
1.670496772746999979e+09,5.881695238095149398e+04
1.670496772746999979e+09,5.142009523809701204e+04
1.670496772750000000e+09,4.725123809523880482e+04
1.670496796746000051e+09,5.289238095238059759e+04
1.670496796746000051e+09,4.873657142857089639e+04
1.670496796750000000e+09,4.963228571428731084e+04
1.670496820739000082e+09,1.993200000000000000e+04
1.670496820739000082e+09,2.080380952380970120e+04
1.670496844753000021e+09,8.127904761902987957e+03
1.670496844753000021e+09,1.434400000000000000e+04
1.670496868746000051e+09,2.080885714285820723e+04
1.670496868746000051e+09,2.998314285714551806e+04
1.670496892744999886e+09,1.569142857142910361e+04
1.670496892744999886e+09,2.482542857142910361e+04
1.670496892750000000e+09,3.444380952381342649e+04
1.670496916746000051e+09,-1.448819047619029880e+04
1.670496916746000051e+09,-6.863047619048506021e+03
1.670496916750000000e+09,-7.938095238097012043e+02
1.670496940746000051e+09,-5.115304761904850602e+04
1.670496940746000051e+09,-4.793552380952611566e+04
1.670496964730000019e+09,-5.874000000000000000e+04
1.670496964733999968e+09,-5.549485714285820723e+04
1.670496964733999968e+09,-5.533885714285448194e+04
1.670496988746000051e+09,-5.547028571428358555e+04
1.670496988746000051e+09,-5.643780952380970120e+04
1.670496988750000000e+09,-5.908238095238059759e+04
1.670497012747999907e+09,-2.302819047618657351e+04
1.670497012747999907e+09,-2.709114285713806748e+04
1.670497012750000000e+09,-3.114885714285448194e+04
1.670497036746000051e+09,5.172380952380597591e+03
1.670497036746000051e+09,-3.580952381342649460e+01
1.670497036750000000e+09,-5.815714285716414452e+03
1.670497060739000082e+09,5.208647619047760963e+04
1.670497060739000082e+09,4.721742857142910361e+04
1.670497060740000010e+09,4.251590476190298796e+04
1.670497084746000051e+09,7.309438095238059759e+04
1.670497084746000051e+09,6.954123809523880482e+04
1.670497108746999979e+09,3.904657142857089639e+04
1.670497108746999979e+09,3.746590476190298796e+04
1.670497108750000000e+09,3.635666666666790843e+04
1.670497132746000051e+09,4.585047619052231312e+03
1.670497132746000051e+09,5.459428571432828903e+03
1.670497132750000000e+09,6.348000000000000000e+03
1.670497156746999979e+09,-1.100228571428731084e+04
1.670497156746999979e+09,-7.172666666667908430e+03
1.670497156750000000e+09,-3.267238095238804817e+03
1.670497180750000000e+09,-2.430390476190671325e+04
1.670497180753000021e+09,-1.929714285714179277e+04
1.670497180753000021e+09,-1.573923809523507953e+04
1.670497228746000051e+09,-2.063390476190298796e+04
1.670497228746000051e+09,-1.874904761904478073e+04
1.670497228750000000e+09,-1.841876190476119518e+04
1.670497252746000051e+09,-1.636571428571268916e+04
1.670497252746000051e+09,-1.676295238095149398e+04
1.670497252750000000e+09,-1.808295238095149398e+04
1.670497276746000051e+09,-2.271619047619029880e+04
1.670497276746000051e+09,-2.603980952380970120e+04
1.670497300746000051e+09,-1.508342857142910361e+04
1.670497300746000051e+09,-1.967961904761940241e+04
1.670497300750000000e+09,-2.775895238094776869e+04
1.670497324746000051e+09,-6.432380952350795269e+02
1.670497324746000051e+09,-8.924000000000000000e+03
1.670497324750000000e+09,-1.971819047619029880e+04
1.670497348746000051e+09,-1.536400000000000000e+04
1.670497348746000051e+09,-2.531561904761567712e+04
1.670497348750000000e+09,-3.527914285713806748e+04
1.670497372744999886e+09,-5.171333333332091570e+03
1.670497372744999886e+09,-1.283866666666418314e+04
1.670497372750000000e+09,-1.968142857142537832e+04
1.670497396739000082e+09,4.238104761905223131e+04
1.670497396739000082e+09,3.804847619047760963e+04
1.670497396740000010e+09,3.532761904761940241e+04
1.670497420744999886e+09,8.865276190476492047e+04
1.670497420744999886e+09,8.811361904762312770e+04
1.670497444746999979e+09,6.914314285714924335e+04
1.670497444746999979e+09,6.933171428571268916e+04
1.670497444750000000e+09,7.011200000000000000e+04
1.670497468746000051e+09,2.199066666666790843e+04
1.670497468746000051e+09,2.483590476190671325e+04
1.670497468750000000e+09,2.790038095238432288e+04
1.670497492746000051e+09,-2.037400000000000000e+04
1.670497492746000051e+09,-1.399761904761940241e+04
1.670497492750000000e+09,-8.063142857141792774e+03
1.670497516749000072e+09,-4.365723809523880482e+04
1.670497516749000072e+09,-3.508790476190298796e+04
1.670497516750000000e+09,-2.740495238095149398e+04
1.670497540746000051e+09,-3.520838095237687230e+04
1.670497540746000051e+09,-2.746885714285448194e+04
1.670497540750000000e+09,-2.042523809523507953e+04
1.670497564746000051e+09,-1.839361904761940241e+04
1.670497564746000051e+09,-1.129809523809701204e+04
1.670497564750000000e+09,-5.071809523809701204e+03
1.670497588746000051e+09,1.125847619047388434e+04
1.670497588746000051e+09,1.750714285714179277e+04
1.670497588750000000e+09,2.049885714285820723e+04
1.670497612750000000e+09,2.184457142857089639e+04
1.670497612750000000e+09,2.508533333333209157e+04
1.670497612750000000e+09,2.344285714285448194e+04
1.670497636737999916e+09,-1.568361904761940241e+04
1.670497636737999916e+09,-1.733114285713806748e+04
1.670497636740000010e+09,-2.290942857142537832e+04
1.670497660746000051e+09,-6.523771428571268916e+04
1.670497660746000051e+09,-7.082628571428358555e+04
1.670497660750000000e+09,-7.740323809523507953e+04
1.670497684746999979e+09,-6.468419047618657351e+04
1.670497684746999979e+09,-7.118266666666418314e+04
1.670497684750000000e+09,-7.602228571428731084e+04
1.670497708746000051e+09,6.054476190473884344e+03
1.670497708746000051e+09,1.302190476190298796e+03
1.670497708750000000e+09,-1.967142857138067484e+03
1.670497732744999886e+09,7.256952380952984095e+04
1.670497732744999886e+09,6.924304761905223131e+04
1.670497732750000000e+09,6.765400000000372529e+04
1.670497756746000051e+09,9.515495238095149398e+04
1.670497756746000051e+09,9.373495238095149398e+04
1.670497756750000000e+09,9.630400000000000000e+04
1.670497780746999979e+09,6.030104761904850602e+04
1.670497780746999979e+09,6.441247619047388434e+04
1.670497780750000000e+09,7.263200000000000000e+04
1.670497804746999979e+09,1.333752380952611566e+04
1.670497804746999979e+09,2.030200000000000000e+04
1.670497804750000000e+09,3.110000000000000000e+04
1.670497828746000051e+09,-3.518828571428358555e+04
1.670497828746000051e+09,-2.655276190476119518e+04
1.670497828750000000e+09,-1.644447619047388434e+04
1.670497852746000051e+09,-7.008076190476119518e+04
1.670497852746000051e+09,-6.103561904761940241e+04
1.670497876730000019e+09,-8.722723809523507953e+04
1.670497876733999968e+09,-7.987885714285448194e+04
1.670497876733999968e+09,-7.263104761904850602e+04
1.670497900746000051e+09,-4.177114285714179277e+04
1.670497900746000051e+09,-3.774609523809701204e+04
1.670497900750000000e+09,-3.551171428571268916e+04
1.670497924744999886e+09,5.466095238097012043e+03
1.670497924744999886e+09,3.949333333335816860e+03
1.670497924750000000e+09,-1.952476190473884344e+03
1.670497948750000000e+09,9.193142857141792774e+03
1.670497948750000000e+09,-5.008095238097012043e+03
1.670497948750000000e+09,-2.084380952380970120e+04
1.670497972744999886e+09,-4.018504761904850602e+04
1.670497972744999886e+09,-5.867828571428358555e+04
1.670497972750000000e+09,-7.575114285713806748e+04
1.670497996746000051e+09,-5.203238095238059759e+04
1.670497996746000051e+09,-6.792933333333581686e+04
1.670497996750000000e+09,-7.828466666666790843e+04
1.670498020740000010e+09,6.512000000000000000e+03
1.670498020740000010e+09,-3.758476190473884344e+03
1.670498044746000051e+09,9.903561904761940241e+04
1.670498044746000051e+09,9.315980952380970120e+04
1.670498068746000051e+09,1.432340952381007373e+05
1.670498068746000051e+09,1.383666666666679084e+05
1.670498068750000000e+09,1.335205714285746217e+05
1.670498092746999979e+09,1.010293333333358169e+05
1.670498092746999979e+09,9.724409523809701204e+04
1.670498116746000051e+09,1.807085714285820723e+04
1.670498116746000051e+09,1.305961904761940241e+04
1.670498116750000000e+09,1.244400000000372529e+04
1.670498140746000051e+09,-6.008009523809328675e+04
1.670498140746000051e+09,-5.762333333333209157e+04
1.670498140750000000e+09,-5.521590476190298796e+04
1.670498164740000010e+09,-7.208028571428731084e+04
1.670498164740000010e+09,-6.958866666666418314e+04
1.670498164740000010e+09,-6.715190476189926267e+04
1.670498188746000051e+09,-4.904380952380597591e+04
1.670498188746000051e+09,-4.887047619047015905e+04
1.670498212746000051e+09,-2.661304761904478073e+04
1.670498212746000051e+09,-3.002371428571268916e+04
1.670498212750000000e+09,-3.437819047619029880e+04
1.670498236740000010e+09,4.237428571429103613e+03
1.670498236740000010e+09,-3.692666666667908430e+03
1.670498236740000010e+09,-1.174590476190298796e+04
1.670498260746000051e+09,3.543419047619029880e+04
1.670498260746000051e+09,2.633800000000000000e+04
1.670498260750000000e+09,1.929447619047388434e+04
1.670498284746000051e+09,3.317161904761567712e+04
1.670498284746000051e+09,2.879685714285820723e+04
1.670498284750000000e+09,2.552066666666790843e+04
1.670498308757999897e+09,4.752123809523880482e+04
1.670498308757999897e+09,4.434428571428358555e+04
1.670498308759999990e+09,4.330819047619029880e+04
1.670498332746000051e+09,4.282695238095521927e+04
1.670498332746000051e+09,4.215571428571641445e+04
1.670498332750000000e+09,4.531238095238059759e+04
1.670498356746999979e+09,3.201047619044780731e+03
1.670498356746999979e+09,6.372761904761195183e+03
1.670498380746000051e+09,-2.521742857142910361e+04
1.670498380746000051e+09,-1.992961904761567712e+04
1.670498404746000051e+09,-1.385961904761567712e+04
1.670498404746000051e+09,-7.208190476186573505e+03
1.670498404750000000e+09,-7.427619047574698925e+02
1.670498428746000051e+09,2.485714285746216774e+02
1.670498428746000051e+09,6.869142857145518064e+03
1.670498452746000051e+09,-1.107828571428358555e+04
1.670498452746000051e+09,-4.636380952376872301e+03
1.670498452750000000e+09,-3.091428571417927742e+02
1.670498476746000051e+09,-2.045123809523507953e+04
1.670498476746000051e+09,-1.899904761904478073e+04
1.670498476750000000e+09,-1.768666666666418314e+04
1.670498500746999979e+09,-1.965104761904850602e+04
1.670498500746999979e+09,-1.942400000000000000e+04
1.670498500750000000e+09,-1.929380952380597591e+04
1.670498524746000051e+09,-1.851085714285448194e+04
1.670498524746000051e+09,-1.732809523809328675e+04
1.670498548746999979e+09,-1.358523809523880482e+04
1.670498548746999979e+09,-1.357190476190298796e+04
1.670498548750000000e+09,-9.434666666667908430e+03
1.670498572750000000e+09,1.626723809523880482e+04
1.670498572753000021e+09,2.362485714285820723e+04
1.670498572753000021e+09,3.072838095238432288e+04
1.670498596746000051e+09,6.393447619047760963e+04
1.670498596746000051e+09,7.322542857142910361e+04
1.670498596750000000e+09,8.254819047619029880e+04
1.670498620746999979e+09,6.592485714285820723e+04
1.670498620746999979e+09,7.587914285714179277e+04
1.670498620750000000e+09,8.600104761904478073e+04
1.670498644746000051e+09,8.399142857141792774e+03
1.670498644746000051e+09,1.831590476190671325e+04
1.670498668746999979e+09,-5.636171428571268916e+04
1.670498668746999979e+09,-4.535028571428358555e+04
1.670498668750000000e+09,-3.643180952380970120e+04
1.670498692746999979e+09,-7.545276190476119518e+04
1.670498692746999979e+09,-6.518257142857089639e+04
1.670498692750000000e+09,-5.676866666666418314e+04
1.670498716746999979e+09,-6.268457142857089639e+04
1.670498716746999979e+09,-5.545457142857089639e+04
1.670498716750000000e+09,-4.908580952380970120e+04
1.670498740746000051e+09,-4.234095238095149398e+04
1.670498740746000051e+09,-4.010542857142910361e+04
1.670498740750000000e+09,-4.272095238095149398e+04
1.670498764746999979e+09,-3.290476190477609634e+03
1.670498764746999979e+09,-5.845809523809701204e+03
1.670498764750000000e+09,-1.289428571428731084e+04
1.670498788746000051e+09,1.830123809523880482e+04
1.670498788746000051e+09,1.140780952381342649e+04
1.670498788750000000e+09,2.272952380955219269e+03
1.670498812746000051e+09,1.041409523809701204e+04
1.670498812746000051e+09,1.448666666667908430e+03
1.670498812750000000e+09,-7.966666666667908430e+03
1.670498836746000051e+09,-2.640000000003725290e+03
1.670498836746000051e+09,-1.208876190476492047e+04
1.670498836750000000e+09,-1.887266666666418314e+04
1.670498860746000051e+09,1.619542857142910361e+04
1.670498860746000051e+09,9.330666666667908430e+03
1.670498860750000000e+09,5.181047619048506021e+03
1.670498884746000051e+09,3.162742857142910361e+04
1.670498884746000051e+09,2.761600000000000000e+04
1.670498884750000000e+09,2.564714285714551806e+04
1.670498908746000051e+09,3.834028571428731084e+04
1.670498908746000051e+09,3.648542857143282890e+04
1.670498908750000000e+09,3.896095238095521927e+04
1.670498932746999979e+09,2.887647619048133492e+04
1.670498932746999979e+09,3.130923809523880482e+04
1.670498932750000000e+09,3.897266666666418314e+04
1.670498956746000051e+09,2.448409523809328675e+04
1.670498956746000051e+09,3.179390476190671325e+04
1.670498956750000000e+09,4.063552380952611566e+04
1.670498980746000051e+09,2.112952380952611566e+04
1.670498980746000051e+09,2.602476190476119518e+04
1.670498980750000000e+09,3.172457142857089639e+04
1.670499004739000082e+09,-3.789257142857089639e+04
1.670499004739000082e+09,-3.575819047618657351e+04
1.670499004740000010e+09,-3.421771428570896387e+04
1.670499028744999886e+09,-1.005100952380932868e+05
1.670499028744999886e+09,-1.005147619047611952e+05
1.670499052744999886e+09,-9.475828571428358555e+04
1.670499052744999886e+09,-9.463980952380970120e+04
1.670499052750000000e+09,-9.443895238095149398e+04
1.670499076746000051e+09,-1.240971428571268916e+04
1.670499076746000051e+09,-1.133847619047388434e+04
1.670499076750000000e+09,-1.019238095238059759e+04
1.670499100744999886e+09,6.004552380952239037e+04
1.670499100744999886e+09,5.777742857142910361e+04
1.670499124755000114e+09,8.798866666666790843e+04
1.670499124755000114e+09,8.341161904761567712e+04
1.670499148746000051e+09,5.417457142856717110e+04
1.670499148746000051e+09,4.986704761904478073e+04
1.670499148750000000e+09,4.639942857142910361e+04
1.670499172746000051e+09,-5.148571428567171097e+03
1.670499172746000051e+09,-4.708285714283585548e+03
1.670499172750000000e+09,-5.263238095238804817e+03
1.670499196746000051e+09,-1.046323809523880482e+04
1.670499196746000051e+09,-9.427809523809701204e+03
1.670499196750000000e+09,-8.292380952384322882e+03
1.670499220746000051e+09,-2.574161904761940241e+04
1.670499220746000051e+09,-2.529685714285448194e+04
1.670499220750000000e+09,-2.604714285713806748e+04
1.670499244746000051e+09,-4.615961904761940241e+04
1.670499244746000051e+09,-4.754457142856717110e+04
1.670499244750000000e+09,-5.116238095238059759e+04
1.670499268744999886e+09,-3.712142857142537832e+04
1.670499268744999886e+09,-4.067000000000000000e+04
1.670499292750000000e+09,-1.960571428570896387e+03
1.670499292750000000e+09,-8.228285714283585548e+03
1.670499316746000051e+09,3.039885714285820723e+04
1.670499316746000051e+09,2.328590476190298796e+04
1.670499316750000000e+09,1.397866666666790843e+04
1.670499340746000051e+09,1.843438095238432288e+04
1.670499340746000051e+09,1.076123809523880482e+04
1.670499340750000000e+09,3.102095238093286753e+03
1.670499364744999886e+09,-7.442476190473884344e+03
1.670499364744999886e+09,-1.081142857142910361e+04
1.670499364750000000e+09,-1.415638095238059759e+04
1.670499388740000010e+09,3.677285714285820723e+04
1.670499388742000103e+09,3.708609523809701204e+04
1.670499388742000103e+09,3.958085714285448194e+04
1.670499412739000082e+09,8.760599999999627471e+04
1.670499412739000082e+09,9.179580952380970120e+04
1.670499436744999886e+09,4.412076190476119518e+04
1.670499436744999886e+09,4.896771428571641445e+04
1.670499436750000000e+09,5.667057142857834697e+04
1.670499460739000082e+09,-8.605999999996274710e+03
1.670499460739000082e+09,-1.088571428570896387e+03
1.670499460740000010e+09,8.217047619048506021e+03
1.670499484746000051e+09,-1.562619047619029880e+04
1.670499484746000051e+09,-3.772571428570896387e+03
1.670499484750000000e+09,6.864190476190298796e+03
1.670499508740000010e+09,-1.610476190476492047e+04
1.670499508742000103e+09,-3.436000000000000000e+03
1.670499508742000103e+09,4.425238095235079527e+03
1.670499532750000000e+09,-4.666552380952239037e+04
1.670499532750000000e+09,-3.879180952380970120e+04
1.670499532750000000e+09,-3.575714285714179277e+04
1.670499556746000051e+09,-7.155247619047388434e+04
1.670499556746000051e+09,-6.853047619047388434e+04
1.670499556750000000e+09,-6.901714285714179277e+04
1.670499580744999886e+09,-4.237580952380970120e+04
1.670499580744999886e+09,-4.558076190476119518e+04
1.670499580750000000e+09,-5.052885714285820723e+04
1.670499604746000051e+09,-5.705904761906713247e+03
1.670499604746000051e+09,-1.289466666666418314e+04
1.670499604750000000e+09,-2.281066666666418314e+04
1.670499628746000051e+09,-5.434666666664183140e+03
1.670499628746000051e+09,-1.659066666666418314e+04
1.670499628750000000e+09,-2.939809523809328675e+04
1.670499652746000051e+09,-3.406476190473884344e+03
1.670499652746000051e+09,-1.585780952380970120e+04
1.670499676730000019e+09,2.967876190476492047e+04
1.670499676733999968e+09,2.148580952380970120e+04
1.670499676733999968e+09,1.313914285714551806e+04
1.670499700746000051e+09,5.886133333333209157e+04
1.670499700746000051e+09,5.683552380952239037e+04
1.670499724744999886e+09,7.919114285714179277e+04
1.670499724744999886e+09,8.325057142857089639e+04
1.670499724750000000e+09,8.744400000000000000e+04
1.670499748746000051e+09,7.976980952380970120e+04
1.670499748746000051e+09,8.849114285714551806e+04
1.670499748750000000e+09,9.727447619047760963e+04
1.670499772746000051e+09,4.955323809523880482e+04
1.670499772746000051e+09,6.098361904761940241e+04
1.670499796739000082e+09,-1.058600000000000000e+04
1.670499796739000082e+09,4.932380952425301075e+02
1.670499796740000010e+09,1.149647619048133492e+04
1.670499820744999886e+09,-7.536476190476119518e+04
1.670499820744999886e+09,-6.639247619047388434e+04
1.670499820750000000e+09,-5.734380952380970120e+04
1.670499844744999886e+09,-1.082432380952388048e+05
1.670499844744999886e+09,-1.022419047619067132e+05
1.670499844750000000e+09,-9.631161904761940241e+04
1.670499868746000051e+09,-9.308219047619029880e+04
1.670499868746000051e+09,-9.254085714285448194e+04
1.670499892746000051e+09,-4.082990476190298796e+04
1.670499892746000051e+09,-4.424361904761940241e+04
1.670499892750000000e+09,-4.947057142857089639e+04
1.670499916746000051e+09,9.239333333335816860e+03
1.670499916746000051e+09,-6.975238095223903656e+02
1.670499916750000000e+09,-1.166676190476119518e+04
1.670499940746000051e+09,2.544714285714179277e+04
1.670499940746000051e+09,1.172180952381342649e+04
1.670499940750000000e+09,-2.772285714279860258e+03
1.670499964746000051e+09,3.863123809524253011e+04
1.670499964746000051e+09,2.430352380952611566e+04
1.670499964750000000e+09,1.313047619047388434e+04
1.670499988746999979e+09,3.952542857142910361e+04
1.670499988746999979e+09,2.829809523809701204e+04
1.670499988750000000e+09,2.415142857143282890e+04
1.670500012746000051e+09,4.026876190476492047e+04
1.670500012746000051e+09,3.975885714285820723e+04
1.670500012750000000e+09,4.152819047618657351e+04
1.670500036746000051e+09,5.772066666666790843e+04
1.670500036746000051e+09,6.119552380952611566e+04
1.670500036750000000e+09,6.598876190476119518e+04
1.670500060746999979e+09,6.093200000000000000e+04
1.670500060746999979e+09,6.582685714286193252e+04
1.670500060750000000e+09,6.923219047619402409e+04
1.670500084744999886e+09,-3.500476190473884344e+03
1.670500084744999886e+09,-2.942857142537832260e+01
1.670500108746999979e+09,-7.898438095237687230e+04
1.670500108746999979e+09,-7.764485714285075665e+04
1.670500132746000051e+09,-1.093060952380932868e+05
1.670500132746000051e+09,-1.063141904761902988e+05
1.670500156746000051e+09,-7.737228571428731084e+04
1.670500156746000051e+09,-7.437933333333581686e+04
1.670500156750000000e+09,-7.003076190476119518e+04
1.670500180746000051e+09,2.065809523809701204e+03
1.670500180746000051e+09,6.385047619048506021e+03
1.670500180750000000e+09,7.606000000000000000e+03
1.670500204750000000e+09,7.402495238095149398e+04
1.670500204753999949e+09,7.156552380952611566e+04
1.670500204753999949e+09,6.720276190476492047e+04
1.670500228746000051e+09,3.913685714285820723e+04
1.670500228746000051e+09,3.320409523809701204e+04
1.670500228750000000e+09,2.567961904762312770e+04
1.670500252744999886e+09,-1.967885714285448194e+04
1.670500252744999886e+09,-2.965409523809328675e+04
1.670500252750000000e+09,-3.630219047619029880e+04
1.670500276746000051e+09,-5.548219047619029880e+04
1.670500276746000051e+09,-6.232266666666418314e+04
1.670500276750000000e+09,-6.621542857142537832e+04
1.670500300746000051e+09,-3.153609523809328675e+04
1.670500300746000051e+09,-3.465809523809328675e+04
1.670500300750000000e+09,-3.885799999999627471e+04
1.670500324746999979e+09,1.376514285714179277e+04
1.670500324746999979e+09,1.162828571428358555e+04
1.670500348746999979e+09,6.173399999999627471e+04
1.670500348746999979e+09,5.778600000000000000e+04
1.670500348750000000e+09,5.585076190476492047e+04
1.670500372746000051e+09,5.512161904762312770e+04
1.670500372746000051e+09,5.255142857142910361e+04
1.670500372750000000e+09,5.061276190476119518e+04
1.670500396746000051e+09,3.756542857142910361e+04
1.670500396746000051e+09,3.742695238095521927e+04
1.670500396750000000e+09,3.754828571428731084e+04
1.670500420746000051e+09,-3.194952380951493979e+03
1.670500420746000051e+09,-6.851428571417927742e+02
1.670500420750000000e+09,4.336190476190298796e+03
1.670500444744999886e+09,-3.204847619047388434e+04
1.670500444744999886e+09,-2.835895238095149398e+04
1.670500444750000000e+09,-2.451790476190298796e+04
1.670500468746000051e+09,-3.352876190476119518e+04
1.670500468746000051e+09,-3.304085714285448194e+04
1.670500468750000000e+09,-3.318561904761567712e+04
1.670500492746000051e+09,-3.478790476190298796e+04
1.670500492746000051e+09,-3.748923809523880482e+04
1.670500492750000000e+09,-4.219323809523880482e+04
1.670500516746000051e+09,-4.182714285714179277e+04
1.670500516746000051e+09,-4.440333333333581686e+04
1.670500540746000051e+09,-2.257733333333581686e+04
1.670500540746000051e+09,-2.291219047619029880e+04
1.670500540750000000e+09,-2.320400000000000000e+04
1.670500564744999886e+09,4.872419047619402409e+04
1.670500564744999886e+09,5.159038095238432288e+04
1.670500588744999886e+09,1.088301904761940241e+05
1.670500588744999886e+09,1.147541904761902988e+05
1.670500588750000000e+09,1.207801904761902988e+05
1.670500612746000051e+09,8.111876190476119518e+04
1.670500612746000051e+09,8.750561904761940241e+04
1.670500612750000000e+09,9.388780952381342649e+04
1.670500636744999886e+09,1.089600000000372529e+04
1.670500636744999886e+09,1.629619047619402409e+04
1.670500660746000051e+09,-5.824390476190298796e+04
1.670500660746000051e+09,-5.314752380952239037e+04
1.670500660750000000e+09,-4.793514285714179277e+04
1.670500684746000051e+09,-1.034787619047649205e+05
1.670500684746000051e+09,-9.789209523809328675e+04
1.670500708746000051e+09,-9.901257142857089639e+04
1.670500708746000051e+09,-9.560419047619029880e+04
